{
"type": "FeatureCollection",
"name": "college_town_data",
"crs": { "type": "name", "properties": { "name": "urn:ogc:def:crs:EPSG::4269" } },
"features": [
{ "type": "Feature", "properties": { "GEOID": "42027011301", "median_gross_rent": 1044.0, "median_rent_burden_pct": 51.0, "median_household_income": 31912.0, "vehicle_access_pct": 82.986111111111114, "transit_stop_count": 9, "scheduled_trip_count": 1030, "median_transit_distance_m": 199.74189926280189, "food_access_beyond_half_mile_straight_share": 32.48, "food_access_beyond_half_mile_network_share": 61.44 }, "geometry": { "type": "Polygon", "coordinates": [ [ [ -77.900546, 40.809638 ], [ -77.900477, 40.809682 ], [ -77.90041, 40.809727 ], [ -77.897763, 40.811383 ], [ -77.896877, 40.811932 ], [ -77.89612, 40.812401 ], [ -77.896, 40.812485 ], [ -77.892877, 40.814361 ], [ -77.892773, 40.814405 ], [ -77.89262, 40.814471 ], [ -77.892448, 40.814565 ], [ -77.891139, 40.815363 ], [ -77.890998, 40.81548 ], [ -77.89091, 40.815581 ], [ -77.890818, 40.815723 ], [ -77.890752, 40.815905 ], [ -77.890716, 40.816063 ], [ -77.890713, 40.816243 ], [ -77.890745, 40.816414 ], [ -77.890641, 40.81643 ], [ -77.890345, 40.8165 ], [ -77.890157, 40.816559 ], [ -77.889869, 40.816679 ], [ -77.889788, 40.816724 ], [ -77.889715, 40.816764 ], [ -77.889423, 40.816969 ], [ -77.889333, 40.817057 ], [ -77.888869, 40.816817 ], [ -77.888098, 40.816417 ], [ -77.887871, 40.81631 ], [ -77.887627, 40.816213 ], [ -77.887393, 40.816137 ], [ -77.88715, 40.816076 ], [ -77.886473, 40.815949 ], [ -77.886118, 40.815922 ], [ -77.88514, 40.815743 ], [ -77.88476, 40.815663 ], [ -77.884626, 40.815612 ], [ -77.884513, 40.815548 ], [ -77.884467, 40.815513 ], [ -77.884405, 40.815469 ], [ -77.884303, 40.815359 ], [ -77.88424, 40.815245 ], [ -77.884204, 40.815114 ], [ -77.884204, 40.8151 ], [ -77.884208, 40.81501 ], [ -77.884234, 40.814921 ], [ -77.884247, 40.814874 ], [ -77.88435, 40.814696 ], [ -77.884385, 40.814647 ], [ -77.885062, 40.813692 ], [ -77.885144, 40.813583 ], [ -77.885483, 40.813127 ], [ -77.885741, 40.812833 ], [ -77.886065, 40.812518 ], [ -77.886356, 40.812268 ], [ -77.886459, 40.812189 ], [ -77.887277, 40.811569 ], [ -77.887487, 40.81142 ], [ -77.887925, 40.811152 ], [ -77.889224, 40.81044 ], [ -77.889409, 40.810354 ], [ -77.889537, 40.810306 ], [ -77.889678, 40.810266 ], [ -77.889932, 40.810201 ], [ -77.890973, 40.810022 ], [ -77.891336, 40.80996 ], [ -77.891816, 40.809878 ], [ -77.892364, 40.809781 ], [ -77.892871, 40.809691 ], [ -77.893226, 40.80961 ], [ -77.893415, 40.809578 ], [ -77.893882, 40.809494 ], [ -77.893995, 40.809469 ], [ -77.894207, 40.809392 ], [ -77.894476, 40.809245 ], [ -77.894636, 40.809142 ], [ -77.894825, 40.80898 ], [ -77.894909, 40.808897 ], [ -77.89503, 40.808727 ], [ -77.895122, 40.808549 ], [ -77.895169, 40.808413 ], [ -77.895272, 40.807942 ], [ -77.89803, 40.808278 ], [ -77.898138, 40.808269 ], [ -77.898283, 40.808258 ], [ -77.898679, 40.808311 ], [ -77.899286, 40.808387 ], [ -77.899699, 40.808438 ], [ -77.900117, 40.808491 ], [ -77.900537, 40.808543 ], [ -77.900413, 40.808632 ], [ -77.900367, 40.808944 ], [ -77.90038, 40.809088 ], [ -77.900488, 40.809504 ], [ -77.900546, 40.809638 ] ] ] } },
{ "type": "Feature", "properties": { "GEOID": "42027010901", "median_gross_rent": 972.0, "median_rent_burden_pct": 24.9, "median_household_income": 66822.0, "vehicle_access_pct": 97.135892748324196, "transit_stop_count": 0, "scheduled_trip_count": 0, "median_transit_distance_m": 12922.044887329699, "food_access_beyond_half_mile_straight_share": 84.74, "food_access_beyond_half_mile_network_share": 87.97 }, "geometry": { "type": "Polygon", "coordinates": [ [ [ -77.750803, 40.823534 ], [ -77.749656, 40.82407 ], [ -77.747469, 40.82491 ], [ -77.746222, 40.82556 ], [ -77.74451, 40.826464 ], [ -77.742649, 40.827318 ], [ -77.741661, 40.827719 ], [ -77.740698, 40.828102 ], [ -77.738631, 40.829027 ], [ -77.736692, 40.830075 ], [ -77.735116, 40.830811 ], [ -77.733623, 40.831621 ], [ -77.731418, 40.832637 ], [ -77.731159, 40.832755 ], [ -77.729115, 40.833807 ], [ -77.723988, 40.83773 ], [ -77.723961, 40.837751 ], [ -77.723608, 40.838022 ], [ -77.723486, 40.838116 ], [ -77.723223, 40.838271 ], [ -77.714241, 40.845208 ], [ -77.713628, 40.845074 ], [ -77.712741, 40.84488 ], [ -77.71142, 40.84459 ], [ -77.710941, 40.844488 ], [ -77.709972, 40.844268 ], [ -77.709641, 40.844204 ], [ -77.709433, 40.844164 ], [ -77.709158, 40.844121 ], [ -77.708967, 40.844103 ], [ -77.708629, 40.844097 ], [ -77.708545, 40.844108 ], [ -77.708269, 40.844132 ], [ -77.707919, 40.844208 ], [ -77.707494, 40.844367 ], [ -77.70667, 40.844742 ], [ -77.706333, 40.844903 ], [ -77.705951, 40.845074 ], [ -77.705607, 40.84524 ], [ -77.705184, 40.845479 ], [ -77.704665, 40.845847 ], [ -77.704552, 40.845918 ], [ -77.704413, 40.845993 ], [ -77.704258, 40.84606 ], [ -77.70388, 40.846204 ], [ -77.703148, 40.846414 ], [ -77.702529, 40.8466 ], [ -77.70209, 40.846759 ], [ -77.701874, 40.846849 ], [ -77.701281, 40.847143 ], [ -77.701067, 40.84726 ], [ -77.700481, 40.847567 ], [ -77.700225, 40.847708 ], [ -77.700085, 40.847774 ], [ -77.699593, 40.848069 ], [ -77.699201, 40.848331 ], [ -77.698842, 40.848542 ], [ -77.698557, 40.848666 ], [ -77.698331, 40.848734 ], [ -77.698212, 40.848759 ], [ -77.697933, 40.848811 ], [ -77.697766, 40.848824 ], [ -77.697477, 40.84883 ], [ -77.697144, 40.848825 ], [ -77.696992, 40.848828 ], [ -77.696593, 40.848851 ], [ -77.696272, 40.848895 ], [ -77.694966, 40.849173 ], [ -77.694657, 40.849242 ], [ -77.694258, 40.849457 ], [ -77.693884, 40.849659 ], [ -77.691924, 40.85072 ], [ -77.69014, 40.851682 ], [ -77.688143, 40.852772 ], [ -77.687122, 40.853319 ], [ -77.684043, 40.850391 ], [ -77.68056, 40.847081 ], [ -77.680091, 40.846625 ], [ -77.67851, 40.84513 ], [ -77.67823, 40.844864 ], [ -77.677151, 40.843837 ], [ -77.676464, 40.843181 ], [ -77.676334, 40.843058 ], [ -77.676283, 40.843089 ], [ -77.675581, 40.842423 ], [ -77.674535, 40.84139 ], [ -77.674575, 40.841362 ], [ -77.674663, 40.841302 ], [ -77.67498, 40.841082 ], [ -77.676088, 40.840322 ], [ -77.676403, 40.840106 ], [ -77.676496, 40.840041 ], [ -77.67657, 40.839993 ], [ -77.676794, 40.839837 ], [ -77.676835, 40.839809 ], [ -77.676857, 40.839794 ], [ -77.67718, 40.83957 ], [ -77.67743, 40.8394 ], [ -77.67705, 40.839061 ], [ -77.676933, 40.838969 ], [ -77.676614, 40.838661 ], [ -77.676085, 40.838192 ], [ -77.67532, 40.837489 ], [ -77.675049, 40.837261 ], [ -77.674676, 40.836923 ], [ -77.674309, 40.836576 ], [ -77.673775, 40.836124 ], [ -77.673483, 40.835911 ], [ -77.67335, 40.835814 ], [ -77.673128, 40.835666 ], [ -77.672905, 40.835501 ], [ -77.672714, 40.835361 ], [ -77.672506, 40.835217 ], [ -77.672224, 40.835021 ], [ -77.67178, 40.834698 ], [ -77.670601, 40.833851 ], [ -77.670128, 40.833525 ], [ -77.669907, 40.833359 ], [ -77.669687, 40.833206 ], [ -77.667783, 40.83185 ], [ -77.667576, 40.831715 ], [ -77.667389, 40.831575 ], [ -77.66694, 40.831255 ], [ -77.666684, 40.831073 ], [ -77.666267, 40.830768 ], [ -77.665473, 40.830232 ], [ -77.665186, 40.830059 ], [ -77.664948, 40.829902 ], [ -77.66469, 40.829759 ], [ -77.663365, 40.828961 ], [ -77.663084, 40.828801 ], [ -77.662438, 40.828411 ], [ -77.662138, 40.828242 ], [ -77.661369, 40.827787 ], [ -77.660674, 40.827377 ], [ -77.660363, 40.827193 ], [ -77.660262, 40.827131 ], [ -77.660067, 40.827011 ], [ -77.658137, 40.825871 ], [ -77.657663, 40.825598 ], [ -77.656709, 40.82503 ], [ -77.65438, 40.823706 ], [ -77.650903, 40.821879 ], [ -77.65079, 40.82182 ], [ -77.648067, 40.819793 ], [ -77.647161, 40.819076 ], [ -77.646909, 40.818901 ], [ -77.64683, 40.818844 ], [ -77.646315, 40.818487 ], [ -77.646009, 40.818282 ], [ -77.644822, 40.817485 ], [ -77.64411, 40.817011 ], [ -77.642711, 40.81607 ], [ -77.641661, 40.815284 ], [ -77.638368, 40.812333 ], [ -77.637299, 40.811375 ], [ -77.637092, 40.811177 ], [ -77.63695, 40.811054 ], [ -77.634735, 40.809033 ], [ -77.634119, 40.808503 ], [ -77.633951, 40.808358 ], [ -77.632175, 40.806962 ], [ -77.630623, 40.805763 ], [ -77.629828, 40.805119 ], [ -77.629608, 40.804949 ], [ -77.62927, 40.804655 ], [ -77.628936, 40.804374 ], [ -77.628014, 40.803602 ], [ -77.627528, 40.803195 ], [ -77.626126, 40.804033 ], [ -77.625868, 40.80421 ], [ -77.625071, 40.804895 ], [ -77.62482, 40.805112 ], [ -77.624659, 40.805225 ], [ -77.624208, 40.805535 ], [ -77.624187, 40.805545 ], [ -77.623946, 40.805767 ], [ -77.623404, 40.806265 ], [ -77.623261, 40.806386 ], [ -77.622662, 40.80689 ], [ -77.622625, 40.806919 ], [ -77.622199, 40.807158 ], [ -77.619835, 40.80795 ], [ -77.616893, 40.80867 ], [ -77.615195, 40.809127 ], [ -77.610714, 40.810206 ], [ -77.607311, 40.810985 ], [ -77.606575, 40.811214 ], [ -77.606337, 40.811327 ], [ -77.606042, 40.811514 ], [ -77.605704, 40.811763 ], [ -77.605268, 40.812094 ], [ -77.605042, 40.812253 ], [ -77.604915, 40.812337 ], [ -77.604723, 40.812445 ], [ -77.60462, 40.812492 ], [ -77.604239, 40.812627 ], [ -77.604029, 40.812685 ], [ -77.60321, 40.812875 ], [ -77.602194, 40.813132 ], [ -77.600682, 40.813738 ], [ -77.599761, 40.814142 ], [ -77.598692, 40.814562 ], [ -77.59818, 40.81474 ], [ -77.59761, 40.814992 ], [ -77.596293, 40.815616 ], [ -77.595887, 40.815796 ], [ -77.595645, 40.815892 ], [ -77.595373, 40.815988 ], [ -77.594995, 40.816078 ], [ -77.594066, 40.816261 ], [ -77.593614, 40.816361 ], [ -77.593151, 40.816488 ], [ -77.592908, 40.816579 ], [ -77.592168, 40.816889 ], [ -77.591731, 40.817056 ], [ -77.591448, 40.817141 ], [ -77.591309, 40.817183 ], [ -77.591143, 40.817224 ], [ -77.590844, 40.817298 ], [ -77.59061, 40.817064 ], [ -77.588124, 40.814592 ], [ -77.586835, 40.813311 ], [ -77.582728, 40.809223 ], [ -77.580882, 40.807391 ], [ -77.580823, 40.807331 ], [ -77.580412, 40.806922 ], [ -77.579109, 40.805628 ], [ -77.578497, 40.805017 ], [ -77.577824, 40.804351 ], [ -77.576979, 40.803507 ], [ -77.574544, 40.801086 ], [ -77.574357, 40.8009 ], [ -77.573764, 40.800312 ], [ -77.573473, 40.800022 ], [ -77.572805, 40.799357 ], [ -77.571339, 40.797784 ], [ -77.569623, 40.79594 ], [ -77.567802, 40.793987 ], [ -77.563419, 40.789282 ], [ -77.561051, 40.786736 ], [ -77.55962, 40.785197 ], [ -77.557919, 40.783365 ], [ -77.556353, 40.781693 ], [ -77.552537, 40.777591 ], [ -77.554939, 40.776569 ], [ -77.571938, 40.769333 ], [ -77.593355, 40.761247 ], [ -77.593664, 40.761162 ], [ -77.593735, 40.761142 ], [ -77.593805, 40.761123 ], [ -77.593918, 40.761092 ], [ -77.594064, 40.761052 ], [ -77.594169, 40.761023 ], [ -77.595923, 40.760539 ], [ -77.621491, 40.753248 ], [ -77.621684, 40.753189 ], [ -77.62189, 40.753127 ], [ -77.624719, 40.752261 ], [ -77.633097, 40.750075 ], [ -77.63776, 40.748826 ], [ -77.652349, 40.744983 ], [ -77.652574, 40.744921 ], [ -77.661988, 40.737742 ], [ -77.66751, 40.735463 ], [ -77.667819, 40.735335 ], [ -77.668026, 40.73525 ], [ -77.68094, 40.729919 ], [ -77.681334, 40.729758 ], [ -77.681861, 40.729539 ], [ -77.683848, 40.72872 ], [ -77.695466, 40.72253 ], [ -77.695795, 40.723207 ], [ -77.698844, 40.729475 ], [ -77.699589, 40.731004 ], [ -77.701806, 40.735552 ], [ -77.703468, 40.738978 ], [ -77.704648, 40.741419 ], [ -77.70814, 40.748589 ], [ -77.708889, 40.750125 ], [ -77.709076, 40.750512 ], [ -77.710796, 40.754046 ], [ -77.711425, 40.755338 ], [ -77.711768, 40.756044 ], [ -77.712336, 40.75721 ], [ -77.712627, 40.757809 ], [ -77.715981, 40.764697 ], [ -77.718477, 40.769824 ], [ -77.71906, 40.771021 ], [ -77.725576, 40.784402 ], [ -77.725749, 40.784757 ], [ -77.726838, 40.786384 ], [ -77.732178, 40.794396 ], [ -77.732684, 40.795149 ], [ -77.732936, 40.795524 ], [ -77.741529, 40.808421 ], [ -77.742278, 40.809531 ], [ -77.751413, 40.823248 ], [ -77.750803, 40.823534 ] ] ] } },
{ "type": "Feature", "properties": { "GEOID": "42027011702", "median_gross_rent": 1079.0, "median_rent_burden_pct": 29.1, "median_household_income": 101083.0, "vehicle_access_pct": 93.293650793650798, "transit_stop_count": 33, "scheduled_trip_count": 953, "median_transit_distance_m": 1882.5906314526676, "food_access_beyond_half_mile_straight_share": 57.37, "food_access_beyond_half_mile_network_share": 76.62 }, "geometry": { "type": "Polygon", "coordinates": [ [ [ -77.85522, 40.771835 ], [ -77.8551, 40.772049 ], [ -77.854621, 40.772261 ], [ -77.854476, 40.772327 ], [ -77.854688, 40.772469 ], [ -77.854414, 40.772664 ], [ -77.854283, 40.772726 ], [ -77.854181, 40.772776 ], [ -77.854109, 40.772812 ], [ -77.853967, 40.772908 ], [ -77.853828, 40.772983 ], [ -77.853163, 40.772379 ], [ -77.852477, 40.772802 ], [ -77.852139, 40.77301 ], [ -77.851887, 40.773167 ], [ -77.852089, 40.773356 ], [ -77.852283, 40.77354 ], [ -77.853067, 40.774295 ], [ -77.85316, 40.774392 ], [ -77.853508, 40.774714 ], [ -77.854965, 40.776054 ], [ -77.85492, 40.776081 ], [ -77.854541, 40.776304 ], [ -77.852901, 40.77733 ], [ -77.852626, 40.777481 ], [ -77.852281, 40.777642 ], [ -77.851969, 40.777819 ], [ -77.851619, 40.778019 ], [ -77.85141, 40.778153 ], [ -77.851268, 40.778242 ], [ -77.851629, 40.77861 ], [ -77.853069, 40.780073 ], [ -77.852344, 40.780462 ], [ -77.851157, 40.781103 ], [ -77.849521, 40.781977 ], [ -77.849498, 40.781954 ], [ -77.849222, 40.781698 ], [ -77.848748, 40.781256 ], [ -77.848534, 40.781057 ], [ -77.848178, 40.780725 ], [ -77.848158, 40.780707 ], [ -77.848147, 40.780624 ], [ -77.848134, 40.78053 ], [ -77.848131, 40.78051 ], [ -77.847995, 40.780365 ], [ -77.847825, 40.780178 ], [ -77.847503, 40.780349 ], [ -77.847027, 40.780615 ], [ -77.846921, 40.780676 ], [ -77.84683, 40.780587 ], [ -77.846601, 40.780362 ], [ -77.846514, 40.780274 ], [ -77.846343, 40.780106 ], [ -77.846024, 40.779815 ], [ -77.845192, 40.779016 ], [ -77.844267, 40.778132 ], [ -77.843746, 40.777625 ], [ -77.84359, 40.777477 ], [ -77.838588, 40.780389 ], [ -77.837186, 40.781198 ], [ -77.836584, 40.781706 ], [ -77.836355, 40.781841 ], [ -77.83573, 40.78221 ], [ -77.835393, 40.782408 ], [ -77.835031, 40.782622 ], [ -77.834988, 40.782647 ], [ -77.834812, 40.782451 ], [ -77.834686, 40.782521 ], [ -77.832798, 40.783568 ], [ -77.832757, 40.783591 ], [ -77.832767, 40.783606 ], [ -77.832904, 40.783808 ], [ -77.832944, 40.783865 ], [ -77.83304, 40.784001 ], [ -77.833095, 40.78408 ], [ -77.833103, 40.784092 ], [ -77.833199, 40.784229 ], [ -77.833297, 40.784366 ], [ -77.833504, 40.784698 ], [ -77.833541, 40.784747 ], [ -77.833589, 40.784854 ], [ -77.833761, 40.785116 ], [ -77.833988, 40.785463 ], [ -77.834123, 40.785668 ], [ -77.8342, 40.785785 ], [ -77.834308, 40.785949 ], [ -77.834335, 40.785989 ], [ -77.834314, 40.786083 ], [ -77.834287, 40.786206 ], [ -77.83425, 40.786364 ], [ -77.834193, 40.786532 ], [ -77.835991, 40.786127 ], [ -77.837527, 40.785782 ], [ -77.837744, 40.785919 ], [ -77.837632, 40.78615 ], [ -77.83737, 40.786699 ], [ -77.836407, 40.787262 ], [ -77.835921, 40.787546 ], [ -77.835695, 40.787679 ], [ -77.833819, 40.789835 ], [ -77.834022, 40.79146 ], [ -77.833952, 40.791682 ], [ -77.833616, 40.791807 ], [ -77.833527, 40.79184 ], [ -77.832737, 40.792021 ], [ -77.832645, 40.791841 ], [ -77.832575, 40.791694 ], [ -77.832451, 40.791438 ], [ -77.832383, 40.791273 ], [ -77.832341, 40.791144 ], [ -77.832327, 40.791071 ], [ -77.8323, 40.790915 ], [ -77.832294, 40.790883 ], [ -77.832241, 40.790921 ], [ -77.832217, 40.790938 ], [ -77.832189, 40.790959 ], [ -77.831635, 40.791377 ], [ -77.831514, 40.791782 ], [ -77.830992, 40.791596 ], [ -77.829736, 40.790879 ], [ -77.828926, 40.790416 ], [ -77.827132, 40.790002 ], [ -77.824135, 40.79068 ], [ -77.822805, 40.790982 ], [ -77.822749, 40.790995 ], [ -77.822728, 40.790977 ], [ -77.821914, 40.790281 ], [ -77.821995, 40.790038 ], [ -77.822612, 40.789648 ], [ -77.822265, 40.78932 ], [ -77.821986, 40.789054 ], [ -77.821416, 40.788514 ], [ -77.821394, 40.788493 ], [ -77.818927, 40.789876 ], [ -77.820151, 40.79107 ], [ -77.821135, 40.790609 ], [ -77.820773, 40.790951 ], [ -77.820559, 40.791154 ], [ -77.820438, 40.791306 ], [ -77.819669, 40.792292 ], [ -77.819705, 40.792876 ], [ -77.819717, 40.793585 ], [ -77.820236, 40.794596 ], [ -77.820271, 40.794664 ], [ -77.820336, 40.794622 ], [ -77.820603, 40.794447 ], [ -77.820919, 40.794292 ], [ -77.821076, 40.794218 ], [ -77.821139, 40.794186 ], [ -77.821459, 40.794137 ], [ -77.822605, 40.793592 ], [ -77.823494, 40.792356 ], [ -77.824938, 40.791714 ], [ -77.827016, 40.791292 ], [ -77.827857, 40.791449 ], [ -77.827886, 40.791454 ], [ -77.828282, 40.791584 ], [ -77.830399, 40.792259 ], [ -77.83129, 40.792599 ], [ -77.831435, 40.792895 ], [ -77.831438, 40.792932 ], [ -77.83146, 40.793189 ], [ -77.831047, 40.793234 ], [ -77.831002, 40.793295 ], [ -77.830967, 40.793342 ], [ -77.830983, 40.793356 ], [ -77.832032, 40.794213 ], [ -77.831531, 40.794224 ], [ -77.831533, 40.794269 ], [ -77.831531, 40.794284 ], [ -77.831532, 40.794475 ], [ -77.832883, 40.794462 ], [ -77.832941, 40.794487 ], [ -77.833328, 40.794647 ], [ -77.833482, 40.794711 ], [ -77.833524, 40.794729 ], [ -77.833399, 40.794928 ], [ -77.833108, 40.795323 ], [ -77.832989, 40.79547 ], [ -77.832781, 40.795691 ], [ -77.832503, 40.795923 ], [ -77.832133, 40.796216 ], [ -77.832002, 40.796336 ], [ -77.83189, 40.796465 ], [ -77.831768, 40.79663 ], [ -77.831561, 40.796973 ], [ -77.831428, 40.797242 ], [ -77.831358, 40.79746 ], [ -77.831332, 40.797582 ], [ -77.831205, 40.798634 ], [ -77.831136, 40.798852 ], [ -77.831232, 40.798872 ], [ -77.831807, 40.798993 ], [ -77.832387, 40.799112 ], [ -77.832824, 40.799203 ], [ -77.833425, 40.79817 ], [ -77.83358, 40.797904 ], [ -77.833621, 40.797832 ], [ -77.834065, 40.797174 ], [ -77.833749, 40.796333 ], [ -77.833718, 40.79625 ], [ -77.83417, 40.796143 ], [ -77.834445, 40.796073 ], [ -77.834459, 40.796181 ], [ -77.834485, 40.796298 ], [ -77.834575, 40.796615 ], [ -77.834717, 40.796949 ], [ -77.834848, 40.797221 ], [ -77.835012, 40.797514 ], [ -77.835052, 40.797585 ], [ -77.835573, 40.798424 ], [ -77.835779, 40.798738 ], [ -77.836007, 40.799007 ], [ -77.836103, 40.7991 ], [ -77.836171, 40.799166 ], [ -77.8363, 40.799315 ], [ -77.836394, 40.799425 ], [ -77.836426, 40.799463 ], [ -77.836595, 40.799373 ], [ -77.837034, 40.799145 ], [ -77.837605, 40.79972 ], [ -77.839933, 40.798567 ], [ -77.840485, 40.798295 ], [ -77.840621, 40.79874 ], [ -77.840866, 40.799542 ], [ -77.840946, 40.799805 ], [ -77.841318, 40.801024 ], [ -77.841359, 40.801156 ], [ -77.841525, 40.801714 ], [ -77.841888, 40.80289 ], [ -77.842146, 40.803734 ], [ -77.843309, 40.804822 ], [ -77.843518, 40.805018 ], [ -77.843433, 40.805049 ], [ -77.84286, 40.80526 ], [ -77.842763, 40.805299 ], [ -77.842296, 40.805464 ], [ -77.841889, 40.805614 ], [ -77.841324, 40.805825 ], [ -77.840836, 40.806001 ], [ -77.840696, 40.806052 ], [ -77.83992, 40.806343 ], [ -77.839513, 40.806496 ], [ -77.839343, 40.806567 ], [ -77.83879, 40.806797 ], [ -77.838113, 40.807102 ], [ -77.836125, 40.808025 ], [ -77.835868, 40.808135 ], [ -77.835539, 40.808283 ], [ -77.835161, 40.80846 ], [ -77.83418, 40.808921 ], [ -77.833757, 40.80912 ], [ -77.83271, 40.809645 ], [ -77.832142, 40.809929 ], [ -77.832045, 40.809981 ], [ -77.832003, 40.81 ], [ -77.83182, 40.810058 ], [ -77.831793, 40.810104 ], [ -77.831479, 40.810269 ], [ -77.83077, 40.810683 ], [ -77.830438, 40.810885 ], [ -77.830328, 40.81095 ], [ -77.829855, 40.811238 ], [ -77.829383, 40.811527 ], [ -77.829112, 40.811696 ], [ -77.829027, 40.811752 ], [ -77.828563, 40.812039 ], [ -77.828398, 40.812137 ], [ -77.827857, 40.812475 ], [ -77.82782, 40.812498 ], [ -77.827266, 40.812836 ], [ -77.827179, 40.812888 ], [ -77.827144, 40.812911 ], [ -77.825986, 40.81361 ], [ -77.82573, 40.813767 ], [ -77.824322, 40.814633 ], [ -77.824237, 40.814685 ], [ -77.822978, 40.815454 ], [ -77.820669, 40.816871 ], [ -77.819474, 40.817605 ], [ -77.819028, 40.817879 ], [ -77.818589, 40.818155 ], [ -77.818348, 40.81831 ], [ -77.81815, 40.81845 ], [ -77.817944, 40.818648 ], [ -77.817888, 40.818677 ], [ -77.817315, 40.819245 ], [ -77.816838, 40.819734 ], [ -77.815518, 40.821059 ], [ -77.815238, 40.821313 ], [ -77.814658, 40.8218 ], [ -77.814094, 40.82226 ], [ -77.813351, 40.822868 ], [ -77.813004, 40.823142 ], [ -77.812419, 40.823622 ], [ -77.810879, 40.82486 ], [ -77.809218, 40.826117 ], [ -77.808872, 40.826364 ], [ -77.808731, 40.826464 ], [ -77.807707, 40.82723 ], [ -77.807498, 40.827379 ], [ -77.807423, 40.82743 ], [ -77.807363, 40.827472 ], [ -77.806671, 40.82784 ], [ -77.804811, 40.82898 ], [ -77.804479, 40.829186 ], [ -77.804387, 40.829279 ], [ -77.803896, 40.829556 ], [ -77.803261, 40.82995 ], [ -77.800869, 40.83135 ], [ -77.79928, 40.832276 ], [ -77.799207, 40.832336 ], [ -77.797102, 40.833572 ], [ -77.795998, 40.834211 ], [ -77.792061, 40.836512 ], [ -77.791702, 40.836721 ], [ -77.790072, 40.837674 ], [ -77.789721, 40.837871 ], [ -77.789096, 40.838238 ], [ -77.788467, 40.838604 ], [ -77.787807, 40.839003 ], [ -77.787022, 40.839472 ], [ -77.785879, 40.840216 ], [ -77.783851, 40.841584 ], [ -77.783241, 40.842013 ], [ -77.780524, 40.843867 ], [ -77.780047, 40.844194 ], [ -77.779629, 40.844492 ], [ -77.779238, 40.84479 ], [ -77.778753, 40.845175 ], [ -77.778447, 40.84543 ], [ -77.778092, 40.845749 ], [ -77.777378, 40.846442 ], [ -77.776609, 40.847223 ], [ -77.776563, 40.847268 ], [ -77.776493, 40.84734 ], [ -77.776082, 40.846854 ], [ -77.775632, 40.846324 ], [ -77.770502, 40.840287 ], [ -77.768431, 40.837849 ], [ -77.763932, 40.832554 ], [ -77.76354, 40.832314 ], [ -77.756616, 40.828078 ], [ -77.755337, 40.827293 ], [ -77.753654, 40.82626 ], [ -77.760396, 40.823458 ], [ -77.760561, 40.823389 ], [ -77.766981, 40.82072 ], [ -77.773706, 40.817923 ], [ -77.774768, 40.817481 ], [ -77.775934, 40.816998 ], [ -77.777443, 40.816373 ], [ -77.781529, 40.814671 ], [ -77.781273, 40.812162 ], [ -77.78295, 40.811618 ], [ -77.782854, 40.81037 ], [ -77.781986, 40.799457 ], [ -77.781678, 40.79551 ], [ -77.781415, 40.792181 ], [ -77.781413, 40.792145 ], [ -77.781356, 40.791432 ], [ -77.781737, 40.791348 ], [ -77.792605, 40.788949 ], [ -77.793223, 40.788813 ], [ -77.79329, 40.788798 ], [ -77.795929, 40.788215 ], [ -77.796146, 40.788168 ], [ -77.800451, 40.786158 ], [ -77.800539, 40.786117 ], [ -77.800667, 40.786056 ], [ -77.800741, 40.786021 ], [ -77.801067, 40.78587 ], [ -77.801253, 40.785782 ], [ -77.802388, 40.785252 ], [ -77.80296, 40.784986 ], [ -77.808682, 40.782314 ], [ -77.808985, 40.782171 ], [ -77.809948, 40.781722 ], [ -77.813342, 40.780138 ], [ -77.814785, 40.779463 ], [ -77.816474, 40.778677 ], [ -77.817938, 40.777992 ], [ -77.831434, 40.771691 ], [ -77.832018, 40.771417 ], [ -77.835708, 40.769694 ], [ -77.838457, 40.769338 ], [ -77.840952, 40.769015 ], [ -77.851507, 40.76765 ], [ -77.852001, 40.767582 ], [ -77.852026, 40.767579 ], [ -77.855115, 40.771675 ], [ -77.855235, 40.771834 ], [ -77.85522, 40.771835 ] ] ] } },
{ "type": "Feature", "properties": { "GEOID": "42027011202", "median_gross_rent": null, "median_rent_burden_pct": null, "median_household_income": null, "vehicle_access_pct": null, "transit_stop_count": 0, "scheduled_trip_count": 0, "median_transit_distance_m": 3075.4941627298094, "food_access_beyond_half_mile_straight_share": 100.0, "food_access_beyond_half_mile_network_share": 100.0 }, "geometry": { "type": "Polygon", "coordinates": [ [ [ -77.793093, 40.846882 ], [ -77.792826, 40.847357 ], [ -77.792609, 40.847744 ], [ -77.792536, 40.847874 ], [ -77.790379, 40.85173 ], [ -77.789747, 40.852827 ], [ -77.789528, 40.853183 ], [ -77.789247, 40.853595 ], [ -77.788773, 40.85426 ], [ -77.787818, 40.855467 ], [ -77.786771, 40.856794 ], [ -77.785924, 40.85785 ], [ -77.785215, 40.858768 ], [ -77.784244, 40.859994 ], [ -77.783882, 40.860456 ], [ -77.783696, 40.860696 ], [ -77.783219, 40.861275 ], [ -77.782968, 40.861597 ], [ -77.78268, 40.861986 ], [ -77.782445, 40.86228 ], [ -77.782175, 40.862683 ], [ -77.781842, 40.863268 ], [ -77.7816, 40.863818 ], [ -77.78142, 40.864286 ], [ -77.781307, 40.864609 ], [ -77.78087, 40.865844 ], [ -77.776399, 40.86588 ], [ -77.775411, 40.864712 ], [ -77.777264, 40.863777 ], [ -77.772445, 40.857517 ], [ -77.770141, 40.855427 ], [ -77.769104, 40.854557 ], [ -77.768762, 40.854215 ], [ -77.768917, 40.854105 ], [ -77.768877, 40.854061 ], [ -77.769127, 40.853803 ], [ -77.768716, 40.853388 ], [ -77.768951, 40.853242 ], [ -77.769288, 40.853063 ], [ -77.769796, 40.852828 ], [ -77.769993, 40.852749 ], [ -77.771261, 40.852192 ], [ -77.771617, 40.852003 ], [ -77.771873, 40.851853 ], [ -77.772311, 40.85154 ], [ -77.772539, 40.851333 ], [ -77.772668, 40.851209 ], [ -77.773027, 40.850849 ], [ -77.773231, 40.850645 ], [ -77.773568, 40.8503 ], [ -77.77403, 40.849828 ], [ -77.774393, 40.849468 ], [ -77.774566, 40.84929 ], [ -77.77583, 40.848006 ], [ -77.775956, 40.847882 ], [ -77.776052, 40.847789 ], [ -77.776493, 40.84734 ], [ -77.776563, 40.847268 ], [ -77.776609, 40.847223 ], [ -77.777378, 40.846442 ], [ -77.778092, 40.845749 ], [ -77.778447, 40.84543 ], [ -77.778753, 40.845175 ], [ -77.779238, 40.84479 ], [ -77.779629, 40.844492 ], [ -77.780047, 40.844194 ], [ -77.780524, 40.843867 ], [ -77.783241, 40.842013 ], [ -77.783851, 40.841584 ], [ -77.785879, 40.840216 ], [ -77.787022, 40.839472 ], [ -77.787807, 40.839003 ], [ -77.788175, 40.840045 ], [ -77.791026, 40.843546 ], [ -77.793229, 40.846651 ], [ -77.793093, 40.846882 ] ] ] } },
{ "type": "Feature", "properties": { "GEOID": "42027011903", "median_gross_rent": 674.0, "median_rent_burden_pct": 14.1, "median_household_income": 164412.0, "vehicle_access_pct": 100.0, "transit_stop_count": 3, "scheduled_trip_count": 180, "median_transit_distance_m": 1083.5623212310134, "food_access_beyond_half_mile_straight_share": 100.0, "food_access_beyond_half_mile_network_share": 100.0 }, "geometry": { "type": "Polygon", "coordinates": [ [ [ -77.927459, 40.783856 ], [ -77.922824, 40.78717 ], [ -77.921042, 40.788445 ], [ -77.918915, 40.789969 ], [ -77.917426, 40.791033 ], [ -77.915389, 40.792488 ], [ -77.914467, 40.793151 ], [ -77.91329, 40.793996 ], [ -77.912399, 40.794627 ], [ -77.911993, 40.794398 ], [ -77.91048, 40.793337 ], [ -77.910391, 40.793267 ], [ -77.909043, 40.792076 ], [ -77.906366, 40.789185 ], [ -77.906338, 40.789073 ], [ -77.906336, 40.788979 ], [ -77.906281, 40.788876 ], [ -77.905593, 40.788183 ], [ -77.905215, 40.787802 ], [ -77.9027, 40.785269 ], [ -77.900278, 40.782808 ], [ -77.899249, 40.781749 ], [ -77.899083, 40.781568 ], [ -77.898729, 40.781208 ], [ -77.898555, 40.781014 ], [ -77.898393, 40.780852 ], [ -77.897775, 40.780185 ], [ -77.897411, 40.779792 ], [ -77.897247, 40.779615 ], [ -77.896351, 40.778665 ], [ -77.898181, 40.777615 ], [ -77.898966, 40.777167 ], [ -77.899718, 40.776765 ], [ -77.900768, 40.776235 ], [ -77.901688, 40.775788 ], [ -77.901917, 40.775674 ], [ -77.902415, 40.775423 ], [ -77.902865, 40.775205 ], [ -77.903249, 40.77501 ], [ -77.904308, 40.774497 ], [ -77.904896, 40.774199 ], [ -77.907699, 40.772599 ], [ -77.907876, 40.772498 ], [ -77.909503, 40.771566 ], [ -77.910493, 40.771 ], [ -77.913889, 40.769027 ], [ -77.914559, 40.76865 ], [ -77.916, 40.767812 ], [ -77.916152, 40.767713 ], [ -77.916246, 40.767661 ], [ -77.917495, 40.768909 ], [ -77.91835, 40.769738 ], [ -77.919578, 40.770977 ], [ -77.923742, 40.775114 ], [ -77.926242, 40.777802 ], [ -77.926597, 40.778187 ], [ -77.92407, 40.779686 ], [ -77.927459, 40.783856 ] ] ] } },
{ "type": "Feature", "properties": { "GEOID": "42027011504", "median_gross_rent": 1187.0, "median_rent_burden_pct": 41.4, "median_household_income": 72403.0, "vehicle_access_pct": 74.567474048442904, "transit_stop_count": 29, "scheduled_trip_count": 1224, "median_transit_distance_m": 445.37362802299276, "food_access_beyond_half_mile_straight_share": 82.63, "food_access_beyond_half_mile_network_share": 90.11 }, "geometry": { "type": "Polygon", "coordinates": [ [ [ -77.913768, 40.795609 ], [ -77.913634, 40.795734 ], [ -77.913485, 40.79586 ], [ -77.913297, 40.795954 ], [ -77.91319, 40.796025 ], [ -77.912946, 40.79617 ], [ -77.912831, 40.796218 ], [ -77.912578, 40.796333 ], [ -77.912267, 40.796435 ], [ -77.912006, 40.796496 ], [ -77.91174, 40.79653 ], [ -77.911592, 40.79656 ], [ -77.910432, 40.796815 ], [ -77.910293, 40.796859 ], [ -77.910178, 40.796893 ], [ -77.909479, 40.797159 ], [ -77.909129, 40.797316 ], [ -77.909011, 40.797373 ], [ -77.90863, 40.797578 ], [ -77.908337, 40.797737 ], [ -77.907823, 40.798022 ], [ -77.90732, 40.798303 ], [ -77.907083, 40.798433 ], [ -77.906984, 40.798487 ], [ -77.906084, 40.799046 ], [ -77.905712, 40.799289 ], [ -77.905401, 40.799482 ], [ -77.905277, 40.799561 ], [ -77.905068, 40.799688 ], [ -77.904865, 40.799783 ], [ -77.904722, 40.799837 ], [ -77.904044, 40.800043 ], [ -77.903326, 40.800277 ], [ -77.903146, 40.800354 ], [ -77.901106, 40.801378 ], [ -77.900876, 40.801487 ], [ -77.900604, 40.801629 ], [ -77.900209, 40.80122 ], [ -77.900036, 40.801031 ], [ -77.899756, 40.800682 ], [ -77.899695, 40.800585 ], [ -77.899576, 40.800344 ], [ -77.89953, 40.800224 ], [ -77.899365, 40.79944 ], [ -77.899187, 40.799449 ], [ -77.899073, 40.799443 ], [ -77.89896, 40.799428 ], [ -77.898795, 40.799391 ], [ -77.898588, 40.79932 ], [ -77.898448, 40.799247 ], [ -77.898284, 40.799125 ], [ -77.897983, 40.798822 ], [ -77.89713, 40.797924 ], [ -77.896767, 40.797549 ], [ -77.896247, 40.79701 ], [ -77.895224, 40.795937 ], [ -77.89503, 40.795703 ], [ -77.894182, 40.795891 ], [ -77.892605, 40.796264 ], [ -77.892001, 40.796419 ], [ -77.891383, 40.796578 ], [ -77.890158, 40.796933 ], [ -77.889615, 40.797109 ], [ -77.889247, 40.79724 ], [ -77.889031, 40.797307 ], [ -77.888791, 40.797382 ], [ -77.888093, 40.797617 ], [ -77.887731, 40.797574 ], [ -77.887578, 40.797898 ], [ -77.887354, 40.798147 ], [ -77.886797, 40.798778 ], [ -77.886251, 40.799427 ], [ -77.886122, 40.799633 ], [ -77.885986, 40.799915 ], [ -77.885944, 40.800038 ], [ -77.885917, 40.80012 ], [ -77.885894, 40.800206 ], [ -77.885847, 40.80048 ], [ -77.885818, 40.800649 ], [ -77.885745, 40.801263 ], [ -77.885687, 40.801666 ], [ -77.885664, 40.801774 ], [ -77.885591, 40.801992 ], [ -77.885481, 40.802198 ], [ -77.885375, 40.802344 ], [ -77.885024, 40.802736 ], [ -77.884908, 40.802874 ], [ -77.884284, 40.803568 ], [ -77.884218, 40.803643 ], [ -77.883401, 40.803195 ], [ -77.883041, 40.803011 ], [ -77.882742, 40.802851 ], [ -77.882113, 40.802513 ], [ -77.881735, 40.802313 ], [ -77.881426, 40.80215 ], [ -77.880671, 40.80175 ], [ -77.880145, 40.801466 ], [ -77.879873, 40.801319 ], [ -77.879032, 40.800868 ], [ -77.880315, 40.800276 ], [ -77.880874, 40.800017 ], [ -77.880887, 40.800011 ], [ -77.881321, 40.799814 ], [ -77.882004, 40.799498 ], [ -77.882041, 40.800482 ], [ -77.882392, 40.800482 ], [ -77.882395, 40.800533 ], [ -77.882398, 40.800571 ], [ -77.882416, 40.800875 ], [ -77.882422, 40.800973 ], [ -77.882423, 40.800995 ], [ -77.882681, 40.80089 ], [ -77.882794, 40.800836 ], [ -77.882914, 40.80078 ], [ -77.883595, 40.800493 ], [ -77.884304, 40.80021 ], [ -77.884461, 40.800149 ], [ -77.885132, 40.799883 ], [ -77.88574, 40.799594 ], [ -77.886169, 40.79939 ], [ -77.886141, 40.799364 ], [ -77.886211, 40.799336 ], [ -77.886301, 40.79923 ], [ -77.885652, 40.798911 ], [ -77.885246, 40.798712 ], [ -77.885372, 40.798331 ], [ -77.885394, 40.798256 ], [ -77.885466, 40.798037 ], [ -77.885701, 40.797317 ], [ -77.885349, 40.797246 ], [ -77.882877, 40.796778 ], [ -77.883305, 40.795797 ], [ -77.883379, 40.795415 ], [ -77.883374, 40.79516 ], [ -77.883283, 40.794854 ], [ -77.88317, 40.794554 ], [ -77.882921, 40.794132 ], [ -77.882728, 40.793867 ], [ -77.882423, 40.793529 ], [ -77.882072, 40.793179 ], [ -77.88161, 40.792712 ], [ -77.881429, 40.792572 ], [ -77.880982, 40.792297 ], [ -77.879398, 40.791324 ], [ -77.879255, 40.791221 ], [ -77.879156, 40.79115 ], [ -77.87889, 40.790898 ], [ -77.878179, 40.790091 ], [ -77.878058, 40.789927 ], [ -77.877953, 40.789784 ], [ -77.877808, 40.789589 ], [ -77.876828, 40.788151 ], [ -77.876374, 40.787816 ], [ -77.876242, 40.787762 ], [ -77.875901, 40.787622 ], [ -77.875593, 40.787512 ], [ -77.875103, 40.787432 ], [ -77.874755, 40.787419 ], [ -77.874645, 40.787417 ], [ -77.874098, 40.787493 ], [ -77.873821, 40.787566 ], [ -77.873688, 40.787601 ], [ -77.873377, 40.787734 ], [ -77.873354, 40.787742 ], [ -77.872663, 40.788108 ], [ -77.87262, 40.788134 ], [ -77.872252, 40.787849 ], [ -77.871842, 40.787531 ], [ -77.871256, 40.787076 ], [ -77.871289, 40.787051 ], [ -77.87216, 40.786372 ], [ -77.873211, 40.785513 ], [ -77.873265, 40.785462 ], [ -77.874094, 40.784743 ], [ -77.87473, 40.7842 ], [ -77.875123, 40.783871 ], [ -77.875403, 40.783636 ], [ -77.875533, 40.783527 ], [ -77.875991, 40.783128 ], [ -77.876644, 40.78259 ], [ -77.877407, 40.781945 ], [ -77.878846, 40.780742 ], [ -77.880173, 40.779628 ], [ -77.880235, 40.779577 ], [ -77.880455, 40.7794 ], [ -77.881004, 40.778956 ], [ -77.881144, 40.778843 ], [ -77.881309, 40.778726 ], [ -77.881403, 40.77866 ], [ -77.881815, 40.778394 ], [ -77.882212, 40.778132 ], [ -77.88398, 40.777147 ], [ -77.884591, 40.776766 ], [ -77.885075, 40.776417 ], [ -77.885516, 40.776036 ], [ -77.885582, 40.775971 ], [ -77.886082, 40.775477 ], [ -77.886557, 40.774866 ], [ -77.886963, 40.774212 ], [ -77.88727, 40.773524 ], [ -77.887318, 40.773379 ], [ -77.887444, 40.772984 ], [ -77.887553, 40.772432 ], [ -77.887602, 40.771958 ], [ -77.887607, 40.771476 ], [ -77.887556, 40.770982 ], [ -77.887462, 40.770493 ], [ -77.887167, 40.769609 ], [ -77.887058, 40.769369 ], [ -77.886906, 40.769075 ], [ -77.886671, 40.768699 ], [ -77.887043, 40.768806 ], [ -77.887391, 40.769162 ], [ -77.887978, 40.769742 ], [ -77.889023, 40.770815 ], [ -77.889522, 40.771351 ], [ -77.890105, 40.771958 ], [ -77.890646, 40.772536 ], [ -77.890923, 40.772834 ], [ -77.893432, 40.775572 ], [ -77.893644, 40.775752 ], [ -77.896351, 40.778665 ], [ -77.897247, 40.779615 ], [ -77.897411, 40.779792 ], [ -77.897775, 40.780185 ], [ -77.898393, 40.780852 ], [ -77.898555, 40.781014 ], [ -77.898729, 40.781208 ], [ -77.899083, 40.781568 ], [ -77.899249, 40.781749 ], [ -77.900278, 40.782808 ], [ -77.9027, 40.785269 ], [ -77.905215, 40.787802 ], [ -77.905593, 40.788183 ], [ -77.906281, 40.788876 ], [ -77.906336, 40.788979 ], [ -77.906338, 40.789073 ], [ -77.906366, 40.789185 ], [ -77.909043, 40.792076 ], [ -77.910391, 40.793267 ], [ -77.91048, 40.793337 ], [ -77.911993, 40.794398 ], [ -77.912399, 40.794627 ], [ -77.912508, 40.794688 ], [ -77.912592, 40.794735 ], [ -77.913747, 40.795385 ], [ -77.91388, 40.795453 ], [ -77.913768, 40.795609 ] ] ] } },
{ "type": "Feature", "properties": { "GEOID": "42027011402", "median_gross_rent": 1601.0, "median_rent_burden_pct": 29.7, "median_household_income": 131262.0, "vehicle_access_pct": 98.487140695915286, "transit_stop_count": 1, "scheduled_trip_count": 393, "median_transit_distance_m": 3957.3572353512768, "food_access_beyond_half_mile_straight_share": 86.56, "food_access_beyond_half_mile_network_share": 97.38 }, "geometry": { "type": "Polygon", "coordinates": [ [ [ -77.998182, 40.820932 ], [ -77.987375, 40.827569 ], [ -77.984467, 40.829662 ], [ -77.982582, 40.831018 ], [ -77.974982, 40.833938 ], [ -77.974261, 40.83422 ], [ -77.974158, 40.834256 ], [ -77.973094, 40.834211 ], [ -77.972288, 40.834142 ], [ -77.971482, 40.834038 ], [ -77.970677, 40.833842 ], [ -77.969364, 40.833543 ], [ -77.968167, 40.833221 ], [ -77.967874, 40.833121 ], [ -77.967074, 40.832956 ], [ -77.965543, 40.832588 ], [ -77.963954, 40.832219 ], [ -77.962607, 40.831897 ], [ -77.961893, 40.831747 ], [ -77.961007, 40.831517 ], [ -77.960489, 40.831356 ], [ -77.959867, 40.831103 ], [ -77.959418, 40.830872 ], [ -77.9589, 40.830619 ], [ -77.958682, 40.830493 ], [ -77.958233, 40.830136 ], [ -77.957798, 40.829691 ], [ -77.957385, 40.829282 ], [ -77.956788, 40.828634 ], [ -77.956496, 40.82824 ], [ -77.95636, 40.82806 ], [ -77.955928, 40.827457 ], [ -77.955457, 40.826811 ], [ -77.955127, 40.826341 ], [ -77.954643, 40.825846 ], [ -77.954289, 40.825563 ], [ -77.953688, 40.825174 ], [ -77.952922, 40.824785 ], [ -77.952179, 40.824514 ], [ -77.951601, 40.824396 ], [ -77.950458, 40.824231 ], [ -77.948937, 40.824018 ], [ -77.948347, 40.823901 ], [ -77.947534, 40.823665 ], [ -77.946696, 40.823311 ], [ -77.946237, 40.823087 ], [ -77.945917, 40.822958 ], [ -77.945431, 40.822685 ], [ -77.945154, 40.822451 ], [ -77.944525, 40.821975 ], [ -77.943937, 40.821299 ], [ -77.943272, 40.820458 ], [ -77.942734, 40.819922 ], [ -77.942351, 40.819553 ], [ -77.941648, 40.819134 ], [ -77.940856, 40.81879 ], [ -77.940065, 40.818498 ], [ -77.939791, 40.818388 ], [ -77.938963, 40.818198 ], [ -77.938933, 40.818181 ], [ -77.937885, 40.817933 ], [ -77.937338, 40.817747 ], [ -77.93719, 40.817706 ], [ -77.936168, 40.817411 ], [ -77.935139, 40.817147 ], [ -77.933563, 40.816742 ], [ -77.933616, 40.816583 ], [ -77.932615, 40.816269 ], [ -77.932184, 40.816134 ], [ -77.931311, 40.815862 ], [ -77.930995, 40.815753 ], [ -77.930971, 40.815743 ], [ -77.930545, 40.815583 ], [ -77.929813, 40.815259 ], [ -77.928711, 40.814771 ], [ -77.92842, 40.814648 ], [ -77.926551, 40.813818 ], [ -77.925227, 40.813229 ], [ -77.924636, 40.812974 ], [ -77.922548, 40.81205 ], [ -77.92241, 40.811986 ], [ -77.922494, 40.811907 ], [ -77.92259, 40.811801 ], [ -77.922717, 40.811645 ], [ -77.923106, 40.811175 ], [ -77.9239, 40.810236 ], [ -77.923973, 40.810167 ], [ -77.924158, 40.810027 ], [ -77.924289, 40.809952 ], [ -77.924502, 40.809838 ], [ -77.924839, 40.809663 ], [ -77.925198, 40.809456 ], [ -77.925422, 40.809302 ], [ -77.925635, 40.809121 ], [ -77.925807, 40.808941 ], [ -77.925908, 40.808825 ], [ -77.926007, 40.808697 ], [ -77.926166, 40.808436 ], [ -77.926226, 40.808318 ], [ -77.926279, 40.808181 ], [ -77.926357, 40.807913 ], [ -77.926399, 40.80766 ], [ -77.926388, 40.807192 ], [ -77.926313, 40.806901 ], [ -77.926216, 40.806643 ], [ -77.926136, 40.806491 ], [ -77.926009, 40.806299 ], [ -77.925982, 40.806256 ], [ -77.925956, 40.806217 ], [ -77.925732, 40.805957 ], [ -77.925356, 40.80557 ], [ -77.924828, 40.805048 ], [ -77.924476, 40.804687 ], [ -77.923593, 40.803807 ], [ -77.922656, 40.802873 ], [ -77.922426, 40.802663 ], [ -77.922335, 40.802593 ], [ -77.922128, 40.802454 ], [ -77.922039, 40.8024 ], [ -77.921951, 40.802345 ], [ -77.921833, 40.802273 ], [ -77.921688, 40.802191 ], [ -77.921534, 40.802094 ], [ -77.921422, 40.802022 ], [ -77.921197, 40.801848 ], [ -77.920843, 40.801505 ], [ -77.920143, 40.800793 ], [ -77.919152, 40.799747 ], [ -77.919107, 40.799698 ], [ -77.917613, 40.79811 ], [ -77.917346, 40.797851 ], [ -77.917179, 40.797699 ], [ -77.916897, 40.79744 ], [ -77.916669, 40.797247 ], [ -77.916501, 40.797112 ], [ -77.915178, 40.796182 ], [ -77.91388, 40.795453 ], [ -77.913747, 40.795385 ], [ -77.912592, 40.794735 ], [ -77.912508, 40.794688 ], [ -77.912399, 40.794627 ], [ -77.91329, 40.793996 ], [ -77.914467, 40.793151 ], [ -77.915389, 40.792488 ], [ -77.917426, 40.791033 ], [ -77.918915, 40.789969 ], [ -77.921042, 40.788445 ], [ -77.922824, 40.78717 ], [ -77.927459, 40.783856 ], [ -77.930504, 40.781678 ], [ -77.939092, 40.775534 ], [ -77.949748, 40.783826 ], [ -77.964364, 40.795027 ], [ -77.983815, 40.80993 ], [ -77.986692, 40.812135 ], [ -77.987727, 40.812927 ], [ -77.988394, 40.813438 ], [ -77.998182, 40.820932 ] ] ] } },
{ "type": "Feature", "properties": { "GEOID": "42027011303", "median_gross_rent": 1580.0, "median_rent_burden_pct": 29.2, "median_household_income": 76885.0, "vehicle_access_pct": 88.661267270128633, "transit_stop_count": 29, "scheduled_trip_count": 658, "median_transit_distance_m": 3306.0130311907706, "food_access_beyond_half_mile_straight_share": 98.61, "food_access_beyond_half_mile_network_share": 100.0 }, "geometry": { "type": "Polygon", "coordinates": [ [ [ -77.973133, 40.834654 ], [ -77.973031, 40.834694 ], [ -77.965958, 40.837387 ], [ -77.961309, 40.839157 ], [ -77.958381, 40.840271 ], [ -77.953057, 40.842731 ], [ -77.932314, 40.85271 ], [ -77.932223, 40.852773 ], [ -77.932189, 40.852795 ], [ -77.930542, 40.85392 ], [ -77.930271, 40.854097 ], [ -77.929018, 40.854952 ], [ -77.927352, 40.8561 ], [ -77.926827, 40.856622 ], [ -77.925953, 40.85749 ], [ -77.925565, 40.857879 ], [ -77.924713, 40.858722 ], [ -77.924142, 40.859288 ], [ -77.923778, 40.85965 ], [ -77.922878, 40.860545 ], [ -77.922312, 40.860843 ], [ -77.921447, 40.861298 ], [ -77.920094, 40.86201 ], [ -77.918133, 40.863041 ], [ -77.916507, 40.863896 ], [ -77.915448, 40.864453 ], [ -77.914762, 40.864814 ], [ -77.913377, 40.865167 ], [ -77.912418, 40.865411 ], [ -77.90893, 40.866298 ], [ -77.908286, 40.866462 ], [ -77.908255, 40.86647 ], [ -77.908107, 40.866649 ], [ -77.908022, 40.866739 ], [ -77.906898, 40.868105 ], [ -77.905796, 40.869444 ], [ -77.904924, 40.870498 ], [ -77.904894, 40.870518 ], [ -77.901298, 40.872706 ], [ -77.90013, 40.873618 ], [ -77.899049, 40.874375 ], [ -77.897906, 40.875156 ], [ -77.897714, 40.875287 ], [ -77.895309, 40.873348 ], [ -77.892321, 40.870926 ], [ -77.891665, 40.870397 ], [ -77.890354, 40.869336 ], [ -77.887231, 40.866811 ], [ -77.886351, 40.866099 ], [ -77.885913, 40.865743 ], [ -77.882428, 40.862927 ], [ -77.882334, 40.862847 ], [ -77.881728, 40.862359 ], [ -77.881694, 40.862331 ], [ -77.879478, 40.86054 ], [ -77.878098, 40.859426 ], [ -77.877431, 40.858885 ], [ -77.877051, 40.858576 ], [ -77.8724, 40.854814 ], [ -77.86956, 40.852516 ], [ -77.862855, 40.84709 ], [ -77.861323, 40.845851 ], [ -77.858035, 40.84319 ], [ -77.854716, 40.840527 ], [ -77.851722, 40.838099 ], [ -77.855715, 40.835225 ], [ -77.858666, 40.833114 ], [ -77.86978, 40.825138 ], [ -77.8719, 40.823632 ], [ -77.874395, 40.821858 ], [ -77.874977, 40.821431 ], [ -77.875705, 40.820924 ], [ -77.876777, 40.820673 ], [ -77.879479, 40.820042 ], [ -77.879925, 40.819945 ], [ -77.88022, 40.819888 ], [ -77.880449, 40.819851 ], [ -77.881177, 40.819752 ], [ -77.881609, 40.819705 ], [ -77.881952, 40.819678 ], [ -77.882313, 40.81966 ], [ -77.88299, 40.819648 ], [ -77.883085, 40.819649 ], [ -77.883312, 40.819653 ], [ -77.883987, 40.819681 ], [ -77.884389, 40.819712 ], [ -77.885144, 40.819801 ], [ -77.885562, 40.819867 ], [ -77.886396, 40.820026 ], [ -77.887421, 40.820217 ], [ -77.888045, 40.820341 ], [ -77.888396, 40.820395 ], [ -77.889044, 40.820482 ], [ -77.889626, 40.820535 ], [ -77.890168, 40.820567 ], [ -77.890745, 40.820575 ], [ -77.89142, 40.820562 ], [ -77.892027, 40.820525 ], [ -77.892508, 40.820477 ], [ -77.893004, 40.820415 ], [ -77.893288, 40.820367 ], [ -77.894118, 40.820206 ], [ -77.897621, 40.819353 ], [ -77.898063, 40.819252 ], [ -77.89859, 40.819121 ], [ -77.900538, 40.818646 ], [ -77.908034, 40.816821 ], [ -77.910396, 40.816243 ], [ -77.911251, 40.816042 ], [ -77.911815, 40.815919 ], [ -77.912869, 40.815722 ], [ -77.913076, 40.815694 ], [ -77.91369, 40.815606 ], [ -77.914298, 40.815532 ], [ -77.915088, 40.815458 ], [ -77.915449, 40.815436 ], [ -77.916394, 40.815394 ], [ -77.916966, 40.815384 ], [ -77.919815, 40.815393 ], [ -77.926901, 40.815416 ], [ -77.92774, 40.815412 ], [ -77.928186, 40.815427 ], [ -77.928666, 40.815459 ], [ -77.929108, 40.815503 ], [ -77.929628, 40.81557 ], [ -77.929928, 40.815619 ], [ -77.930524, 40.815739 ], [ -77.931176, 40.815891 ], [ -77.930005, 40.81538 ], [ -77.929813, 40.815259 ], [ -77.930545, 40.815583 ], [ -77.930971, 40.815743 ], [ -77.930995, 40.815753 ], [ -77.931311, 40.815862 ], [ -77.932184, 40.816134 ], [ -77.932615, 40.816269 ], [ -77.933616, 40.816583 ], [ -77.933563, 40.816742 ], [ -77.935139, 40.817147 ], [ -77.936168, 40.817411 ], [ -77.93719, 40.817706 ], [ -77.937338, 40.817747 ], [ -77.937885, 40.817933 ], [ -77.938933, 40.818181 ], [ -77.938963, 40.818198 ], [ -77.939791, 40.818388 ], [ -77.940065, 40.818498 ], [ -77.940856, 40.81879 ], [ -77.941648, 40.819134 ], [ -77.942351, 40.819553 ], [ -77.942734, 40.819922 ], [ -77.943272, 40.820458 ], [ -77.943937, 40.821299 ], [ -77.944525, 40.821975 ], [ -77.945154, 40.822451 ], [ -77.945431, 40.822685 ], [ -77.945917, 40.822958 ], [ -77.946237, 40.823087 ], [ -77.946696, 40.823311 ], [ -77.947534, 40.823665 ], [ -77.948347, 40.823901 ], [ -77.948937, 40.824018 ], [ -77.950458, 40.824231 ], [ -77.951601, 40.824396 ], [ -77.952179, 40.824514 ], [ -77.952922, 40.824785 ], [ -77.953688, 40.825174 ], [ -77.954289, 40.825563 ], [ -77.954643, 40.825846 ], [ -77.955127, 40.826341 ], [ -77.955457, 40.826811 ], [ -77.955928, 40.827457 ], [ -77.95636, 40.82806 ], [ -77.956496, 40.82824 ], [ -77.956788, 40.828634 ], [ -77.957385, 40.829282 ], [ -77.957798, 40.829691 ], [ -77.958233, 40.830136 ], [ -77.958682, 40.830493 ], [ -77.9589, 40.830619 ], [ -77.959418, 40.830872 ], [ -77.959867, 40.831103 ], [ -77.960489, 40.831356 ], [ -77.961007, 40.831517 ], [ -77.961893, 40.831747 ], [ -77.962607, 40.831897 ], [ -77.963954, 40.832219 ], [ -77.965543, 40.832588 ], [ -77.967074, 40.832956 ], [ -77.967874, 40.833121 ], [ -77.968167, 40.833221 ], [ -77.969364, 40.833543 ], [ -77.970677, 40.833842 ], [ -77.971482, 40.834038 ], [ -77.972288, 40.834142 ], [ -77.973094, 40.834211 ], [ -77.974158, 40.834256 ], [ -77.973133, 40.834654 ] ] ] } },
{ "type": "Feature", "properties": { "GEOID": "42027011503", "median_gross_rent": 1399.0, "median_rent_burden_pct": 51.0, "median_household_income": 49444.0, "vehicle_access_pct": 75.183016105417281, "transit_stop_count": 26, "scheduled_trip_count": 1674, "median_transit_distance_m": 246.89201124246455, "food_access_beyond_half_mile_straight_share": 10.32, "food_access_beyond_half_mile_network_share": 32.9 }, "geometry": { "type": "Polygon", "coordinates": [ [ [ -77.900209, 40.80122 ], [ -77.89969, 40.801485 ], [ -77.899248, 40.801762 ], [ -77.898696, 40.802161 ], [ -77.898476, 40.802322 ], [ -77.898048, 40.802637 ], [ -77.897294, 40.80319 ], [ -77.896389, 40.803856 ], [ -77.896195, 40.804008 ], [ -77.896088, 40.804093 ], [ -77.895892, 40.804274 ], [ -77.89575, 40.804431 ], [ -77.895427, 40.804826 ], [ -77.895264, 40.805001 ], [ -77.895173, 40.805076 ], [ -77.894909, 40.805244 ], [ -77.893815, 40.805862 ], [ -77.893589, 40.805975 ], [ -77.89402, 40.806075 ], [ -77.894498, 40.806172 ], [ -77.894619, 40.806203 ], [ -77.894724, 40.806209 ], [ -77.89494, 40.806275 ], [ -77.895041, 40.806325 ], [ -77.895135, 40.806389 ], [ -77.895227, 40.80647 ], [ -77.895297, 40.806551 ], [ -77.895359, 40.806626 ], [ -77.895392, 40.806725 ], [ -77.895404, 40.806802 ], [ -77.895425, 40.806941 ], [ -77.8954, 40.807069 ], [ -77.895365, 40.807498 ], [ -77.895272, 40.807942 ], [ -77.895169, 40.808413 ], [ -77.895122, 40.808549 ], [ -77.89503, 40.808727 ], [ -77.894909, 40.808897 ], [ -77.894825, 40.80898 ], [ -77.894636, 40.809142 ], [ -77.894476, 40.809245 ], [ -77.894207, 40.809392 ], [ -77.893995, 40.809469 ], [ -77.893882, 40.809494 ], [ -77.893415, 40.809578 ], [ -77.893226, 40.80961 ], [ -77.892871, 40.809691 ], [ -77.892364, 40.809781 ], [ -77.891816, 40.809878 ], [ -77.891336, 40.80996 ], [ -77.890973, 40.810022 ], [ -77.889932, 40.810201 ], [ -77.889678, 40.810266 ], [ -77.889537, 40.810306 ], [ -77.889409, 40.810354 ], [ -77.889224, 40.81044 ], [ -77.887925, 40.811152 ], [ -77.887487, 40.81142 ], [ -77.887277, 40.811569 ], [ -77.886459, 40.812189 ], [ -77.886356, 40.812268 ], [ -77.886065, 40.812518 ], [ -77.885741, 40.812833 ], [ -77.885483, 40.813127 ], [ -77.885144, 40.813583 ], [ -77.885062, 40.813692 ], [ -77.884385, 40.814647 ], [ -77.88435, 40.814696 ], [ -77.884247, 40.814874 ], [ -77.884234, 40.814921 ], [ -77.883615, 40.815369 ], [ -77.882975, 40.815834 ], [ -77.882552, 40.815348 ], [ -77.882499, 40.815288 ], [ -77.882477, 40.815262 ], [ -77.882286, 40.815044 ], [ -77.881502, 40.814142 ], [ -77.876842, 40.808788 ], [ -77.876702, 40.808625 ], [ -77.874231, 40.80579 ], [ -77.874084, 40.805621 ], [ -77.874401, 40.805165 ], [ -77.875024, 40.804268 ], [ -77.875329, 40.804351 ], [ -77.87607, 40.804555 ], [ -77.876263, 40.803894 ], [ -77.876727, 40.802323 ], [ -77.876856, 40.801865 ], [ -77.876865, 40.801833 ], [ -77.876921, 40.801808 ], [ -77.877382, 40.8016 ], [ -77.878331, 40.80119 ], [ -77.878717, 40.80101 ], [ -77.879032, 40.800868 ], [ -77.879873, 40.801319 ], [ -77.880145, 40.801466 ], [ -77.880671, 40.80175 ], [ -77.881426, 40.80215 ], [ -77.881735, 40.802313 ], [ -77.882113, 40.802513 ], [ -77.882742, 40.802851 ], [ -77.883041, 40.803011 ], [ -77.883401, 40.803195 ], [ -77.884218, 40.803643 ], [ -77.884284, 40.803568 ], [ -77.884908, 40.802874 ], [ -77.885024, 40.802736 ], [ -77.885375, 40.802344 ], [ -77.885481, 40.802198 ], [ -77.885591, 40.801992 ], [ -77.885664, 40.801774 ], [ -77.885687, 40.801666 ], [ -77.885745, 40.801263 ], [ -77.885818, 40.800649 ], [ -77.885847, 40.80048 ], [ -77.885894, 40.800206 ], [ -77.885917, 40.80012 ], [ -77.885944, 40.800038 ], [ -77.885986, 40.799915 ], [ -77.886122, 40.799633 ], [ -77.886251, 40.799427 ], [ -77.886797, 40.798778 ], [ -77.887354, 40.798147 ], [ -77.887578, 40.797898 ], [ -77.887731, 40.797574 ], [ -77.888093, 40.797617 ], [ -77.888791, 40.797382 ], [ -77.889031, 40.797307 ], [ -77.889247, 40.79724 ], [ -77.889615, 40.797109 ], [ -77.890158, 40.796933 ], [ -77.891383, 40.796578 ], [ -77.892001, 40.796419 ], [ -77.892605, 40.796264 ], [ -77.894182, 40.795891 ], [ -77.89503, 40.795703 ], [ -77.895224, 40.795937 ], [ -77.896247, 40.79701 ], [ -77.896767, 40.797549 ], [ -77.89713, 40.797924 ], [ -77.897983, 40.798822 ], [ -77.898284, 40.799125 ], [ -77.898448, 40.799247 ], [ -77.898588, 40.79932 ], [ -77.898795, 40.799391 ], [ -77.89896, 40.799428 ], [ -77.899073, 40.799443 ], [ -77.899187, 40.799449 ], [ -77.899365, 40.79944 ], [ -77.89953, 40.800224 ], [ -77.899576, 40.800344 ], [ -77.899695, 40.800585 ], [ -77.899756, 40.800682 ], [ -77.900036, 40.801031 ], [ -77.900209, 40.80122 ] ] ] } },
{ "type": "Feature", "properties": { "GEOID": "42027011302", "median_gross_rent": 1214.0, "median_rent_burden_pct": 40.5, "median_household_income": 46167.0, "vehicle_access_pct": 78.083491461100564, "transit_stop_count": 24, "scheduled_trip_count": 1739, "median_transit_distance_m": 307.71987336974706, "food_access_beyond_half_mile_straight_share": 61.01, "food_access_beyond_half_mile_network_share": 68.15 }, "geometry": { "type": "Polygon", "coordinates": [ [ [ -77.930524, 40.815739 ], [ -77.929928, 40.815619 ], [ -77.929628, 40.81557 ], [ -77.929108, 40.815503 ], [ -77.928666, 40.815459 ], [ -77.928186, 40.815427 ], [ -77.92774, 40.815412 ], [ -77.926901, 40.815416 ], [ -77.919815, 40.815393 ], [ -77.916966, 40.815384 ], [ -77.916394, 40.815394 ], [ -77.915449, 40.815436 ], [ -77.915088, 40.815458 ], [ -77.914298, 40.815532 ], [ -77.91369, 40.815606 ], [ -77.913076, 40.815694 ], [ -77.912869, 40.815722 ], [ -77.911815, 40.815919 ], [ -77.911251, 40.816042 ], [ -77.910396, 40.816243 ], [ -77.908034, 40.816821 ], [ -77.900538, 40.818646 ], [ -77.89859, 40.819121 ], [ -77.898063, 40.819252 ], [ -77.897621, 40.819353 ], [ -77.894118, 40.820206 ], [ -77.893288, 40.820367 ], [ -77.893004, 40.820415 ], [ -77.892508, 40.820477 ], [ -77.892027, 40.820525 ], [ -77.89142, 40.820562 ], [ -77.890745, 40.820575 ], [ -77.890168, 40.820567 ], [ -77.889626, 40.820535 ], [ -77.889044, 40.820482 ], [ -77.888396, 40.820395 ], [ -77.888045, 40.820341 ], [ -77.887421, 40.820217 ], [ -77.886396, 40.820026 ], [ -77.885562, 40.819867 ], [ -77.885144, 40.819801 ], [ -77.884389, 40.819712 ], [ -77.883987, 40.819681 ], [ -77.883312, 40.819653 ], [ -77.883085, 40.819649 ], [ -77.88299, 40.819648 ], [ -77.882313, 40.81966 ], [ -77.881952, 40.819678 ], [ -77.881609, 40.819705 ], [ -77.881177, 40.819752 ], [ -77.880449, 40.819851 ], [ -77.88022, 40.819888 ], [ -77.879925, 40.819945 ], [ -77.879479, 40.820042 ], [ -77.876777, 40.820673 ], [ -77.875705, 40.820924 ], [ -77.877933, 40.819369 ], [ -77.879167, 40.818504 ], [ -77.881962, 40.816545 ], [ -77.88241, 40.81623 ], [ -77.882975, 40.815834 ], [ -77.883615, 40.815369 ], [ -77.884234, 40.814921 ], [ -77.884208, 40.81501 ], [ -77.884204, 40.8151 ], [ -77.884204, 40.815114 ], [ -77.88424, 40.815245 ], [ -77.884303, 40.815359 ], [ -77.884405, 40.815469 ], [ -77.884467, 40.815513 ], [ -77.884513, 40.815548 ], [ -77.884626, 40.815612 ], [ -77.88476, 40.815663 ], [ -77.88514, 40.815743 ], [ -77.886118, 40.815922 ], [ -77.886473, 40.815949 ], [ -77.88715, 40.816076 ], [ -77.887393, 40.816137 ], [ -77.887627, 40.816213 ], [ -77.887871, 40.81631 ], [ -77.888098, 40.816417 ], [ -77.888869, 40.816817 ], [ -77.889333, 40.817057 ], [ -77.889423, 40.816969 ], [ -77.889715, 40.816764 ], [ -77.889788, 40.816724 ], [ -77.889869, 40.816679 ], [ -77.890157, 40.816559 ], [ -77.890345, 40.8165 ], [ -77.890641, 40.81643 ], [ -77.890745, 40.816414 ], [ -77.890713, 40.816243 ], [ -77.890716, 40.816063 ], [ -77.890752, 40.815905 ], [ -77.890818, 40.815723 ], [ -77.89091, 40.815581 ], [ -77.890998, 40.81548 ], [ -77.891139, 40.815363 ], [ -77.892448, 40.814565 ], [ -77.89262, 40.814471 ], [ -77.892773, 40.814405 ], [ -77.892877, 40.814361 ], [ -77.896, 40.812485 ], [ -77.89612, 40.812401 ], [ -77.896877, 40.811932 ], [ -77.897763, 40.811383 ], [ -77.90041, 40.809727 ], [ -77.900477, 40.809682 ], [ -77.900546, 40.809638 ], [ -77.900488, 40.809504 ], [ -77.90038, 40.809088 ], [ -77.900367, 40.808944 ], [ -77.900413, 40.808632 ], [ -77.900537, 40.808543 ], [ -77.901291, 40.808632 ], [ -77.901707, 40.808681 ], [ -77.902175, 40.808736 ], [ -77.904575, 40.809021 ], [ -77.90485, 40.809054 ], [ -77.905574, 40.80914 ], [ -77.90671, 40.809275 ], [ -77.907967, 40.809424 ], [ -77.908046, 40.809433 ], [ -77.909225, 40.809572 ], [ -77.910204, 40.809696 ], [ -77.911185, 40.809811 ], [ -77.914117, 40.810155 ], [ -77.914171, 40.810163 ], [ -77.914718, 40.810226 ], [ -77.915449, 40.810311 ], [ -77.917844, 40.810602 ], [ -77.918171, 40.810647 ], [ -77.918551, 40.81071 ], [ -77.918881, 40.810773 ], [ -77.919152, 40.810834 ], [ -77.919703, 40.810973 ], [ -77.920385, 40.811172 ], [ -77.920659, 40.81126 ], [ -77.92106, 40.811403 ], [ -77.921498, 40.811581 ], [ -77.92241, 40.811986 ], [ -77.922548, 40.81205 ], [ -77.924636, 40.812974 ], [ -77.925227, 40.813229 ], [ -77.926551, 40.813818 ], [ -77.92842, 40.814648 ], [ -77.928711, 40.814771 ], [ -77.929813, 40.815259 ], [ -77.930005, 40.81538 ], [ -77.931176, 40.815891 ], [ -77.930524, 40.815739 ] ] ] } },
{ "type": "Feature", "properties": { "GEOID": "42027011904", "median_gross_rent": 1250.0, "median_rent_burden_pct": 23.4, "median_household_income": 117813.0, "vehicle_access_pct": 99.004355942750465, "transit_stop_count": 1, "scheduled_trip_count": 716, "median_transit_distance_m": 9676.1467864472597, "food_access_beyond_half_mile_straight_share": 97.24, "food_access_beyond_half_mile_network_share": 98.52 }, "geometry": { "type": "Polygon", "coordinates": [ [ [ -78.085263, 40.73092 ], [ -78.065163, 40.737025 ], [ -78.035911, 40.746009 ], [ -78.030938, 40.747528 ], [ -78.030925, 40.747532 ], [ -78.030734, 40.747591 ], [ -78.030457, 40.747676 ], [ -78.009196, 40.754159 ], [ -78.006264, 40.755052 ], [ -77.994558, 40.758622 ], [ -77.979722, 40.763146 ], [ -77.979168, 40.763313 ], [ -77.970383, 40.765992 ], [ -77.969565, 40.766243 ], [ -77.951502, 40.771747 ], [ -77.939382, 40.775447 ], [ -77.939092, 40.775534 ], [ -77.930504, 40.781678 ], [ -77.927459, 40.783856 ], [ -77.92407, 40.779686 ], [ -77.926597, 40.778187 ], [ -77.926242, 40.777802 ], [ -77.923742, 40.775114 ], [ -77.919578, 40.770977 ], [ -77.91835, 40.769738 ], [ -77.917495, 40.768909 ], [ -77.916246, 40.767661 ], [ -77.916876, 40.767312 ], [ -77.917177, 40.767133 ], [ -77.91725, 40.767055 ], [ -77.917285, 40.766987 ], [ -77.917295, 40.766919 ], [ -77.917275, 40.766829 ], [ -77.917242, 40.766763 ], [ -77.917119, 40.766617 ], [ -77.916176, 40.765709 ], [ -77.915474, 40.765096 ], [ -77.914261, 40.764091 ], [ -77.913883, 40.763785 ], [ -77.913134, 40.763219 ], [ -77.912481, 40.76274 ], [ -77.911599, 40.762122 ], [ -77.911309, 40.761927 ], [ -77.909505, 40.760712 ], [ -77.909164, 40.760468 ], [ -77.907529, 40.759334 ], [ -77.906451, 40.758406 ], [ -77.905741, 40.757821 ], [ -77.905399, 40.757586 ], [ -77.905267, 40.757518 ], [ -77.904816, 40.757331 ], [ -77.904677, 40.757262 ], [ -77.904561, 40.757193 ], [ -77.90441, 40.75708 ], [ -77.903835, 40.756572 ], [ -77.903714, 40.756462 ], [ -77.901883, 40.754671 ], [ -77.901177, 40.754 ], [ -77.900847, 40.753697 ], [ -77.90047, 40.753328 ], [ -77.8982, 40.751143 ], [ -77.898036, 40.75098 ], [ -77.897667, 40.750634 ], [ -77.897464, 40.750414 ], [ -77.897197, 40.750146 ], [ -77.896342, 40.749357 ], [ -77.893814, 40.750735 ], [ -77.893348, 40.750999 ], [ -77.89265, 40.751377 ], [ -77.891043, 40.752295 ], [ -77.890353, 40.752704 ], [ -77.890319, 40.752723 ], [ -77.889755, 40.753075 ], [ -77.888956, 40.75359 ], [ -77.887559, 40.754486 ], [ -77.887159, 40.754716 ], [ -77.886926, 40.754848 ], [ -77.886727, 40.754966 ], [ -77.885007, 40.755941 ], [ -77.883868, 40.756591 ], [ -77.883207, 40.756968 ], [ -77.882061, 40.757627 ], [ -77.882018, 40.757651 ], [ -77.87935, 40.759176 ], [ -77.877999, 40.759953 ], [ -77.877793, 40.760071 ], [ -77.877662, 40.760137 ], [ -77.876789, 40.760618 ], [ -77.876487, 40.760779 ], [ -77.875015, 40.761581 ], [ -77.874658, 40.76177 ], [ -77.873706, 40.762289 ], [ -77.871951, 40.763247 ], [ -77.871259, 40.763616 ], [ -77.87104, 40.763743 ], [ -77.870629, 40.76396 ], [ -77.870242, 40.764177 ], [ -77.870132, 40.764238 ], [ -77.868417, 40.765182 ], [ -77.867366, 40.765789 ], [ -77.866968, 40.766029 ], [ -77.86679, 40.766135 ], [ -77.864965, 40.767231 ], [ -77.862986, 40.768379 ], [ -77.862898, 40.768427 ], [ -77.860767, 40.769592 ], [ -77.859774, 40.770136 ], [ -77.859738, 40.770155 ], [ -77.859527, 40.770271 ], [ -77.858623, 40.770777 ], [ -77.858435, 40.770585 ], [ -77.858219, 40.770366 ], [ -77.856852, 40.771106 ], [ -77.856651, 40.771186 ], [ -77.856168, 40.771462 ], [ -77.855543, 40.771821 ], [ -77.855325, 40.771816 ], [ -77.855235, 40.771834 ], [ -77.855115, 40.771675 ], [ -77.852026, 40.767579 ], [ -77.852001, 40.767582 ], [ -77.851034, 40.766331 ], [ -77.847169, 40.761329 ], [ -77.845442, 40.759091 ], [ -77.843142, 40.756141 ], [ -77.83411, 40.744574 ], [ -77.831415, 40.741122 ], [ -77.83143, 40.741116 ], [ -77.85922, 40.730819 ], [ -77.894282, 40.716203 ], [ -77.89431, 40.716191 ], [ -77.896117, 40.71515 ], [ -77.896867, 40.714753 ], [ -77.898718, 40.713738 ], [ -77.900087, 40.713012 ], [ -77.902252, 40.711944 ], [ -77.904641, 40.710734 ], [ -77.915986, 40.705274 ], [ -77.923136, 40.701805 ], [ -77.932604, 40.696994 ], [ -77.944077, 40.691641 ], [ -77.944122, 40.691622 ], [ -77.944183, 40.691591 ], [ -77.94425, 40.691557 ], [ -77.948971, 40.692874 ], [ -77.949001, 40.692882 ], [ -77.963017, 40.696803 ], [ -77.978722, 40.701154 ], [ -77.987317, 40.703532 ], [ -77.99334, 40.705207 ], [ -77.997268, 40.706371 ], [ -77.997614, 40.706473 ], [ -77.997874, 40.70655 ], [ -77.998136, 40.706628 ], [ -78.001048, 40.707491 ], [ -78.002211, 40.707836 ], [ -78.010739, 40.710363 ], [ -78.010957, 40.710423 ], [ -78.016887, 40.712069 ], [ -78.024636, 40.714219 ], [ -78.025363, 40.714419 ], [ -78.050456, 40.721382 ], [ -78.056335, 40.722991 ], [ -78.060334, 40.724089 ], [ -78.060752, 40.724204 ], [ -78.06144, 40.724392 ], [ -78.084406, 40.730681 ], [ -78.085095, 40.730873 ], [ -78.085263, 40.73092 ] ] ] } },
{ "type": "Feature", "properties": { "GEOID": "42027011401", "median_gross_rent": 1045.0, "median_rent_burden_pct": 35.8, "median_household_income": 84063.0, "vehicle_access_pct": 93.541556379036521, "transit_stop_count": 21, "scheduled_trip_count": 884, "median_transit_distance_m": 510.1459539859012, "food_access_beyond_half_mile_straight_share": 30.66, "food_access_beyond_half_mile_network_share": 61.77 }, "geometry": { "type": "Polygon", "coordinates": [ [ [ -77.926399, 40.80766 ], [ -77.926357, 40.807913 ], [ -77.926279, 40.808181 ], [ -77.926226, 40.808318 ], [ -77.926166, 40.808436 ], [ -77.926007, 40.808697 ], [ -77.925908, 40.808825 ], [ -77.925807, 40.808941 ], [ -77.925635, 40.809121 ], [ -77.925422, 40.809302 ], [ -77.925198, 40.809456 ], [ -77.924839, 40.809663 ], [ -77.924502, 40.809838 ], [ -77.924289, 40.809952 ], [ -77.924158, 40.810027 ], [ -77.923973, 40.810167 ], [ -77.9239, 40.810236 ], [ -77.923106, 40.811175 ], [ -77.922717, 40.811645 ], [ -77.92259, 40.811801 ], [ -77.922494, 40.811907 ], [ -77.92241, 40.811986 ], [ -77.921498, 40.811581 ], [ -77.92106, 40.811403 ], [ -77.920659, 40.81126 ], [ -77.920385, 40.811172 ], [ -77.919703, 40.810973 ], [ -77.919152, 40.810834 ], [ -77.918881, 40.810773 ], [ -77.918551, 40.81071 ], [ -77.918171, 40.810647 ], [ -77.917844, 40.810602 ], [ -77.915449, 40.810311 ], [ -77.914718, 40.810226 ], [ -77.914171, 40.810163 ], [ -77.914117, 40.810155 ], [ -77.911185, 40.809811 ], [ -77.910204, 40.809696 ], [ -77.909225, 40.809572 ], [ -77.908046, 40.809433 ], [ -77.907967, 40.809424 ], [ -77.90671, 40.809275 ], [ -77.905574, 40.80914 ], [ -77.90485, 40.809054 ], [ -77.904575, 40.809021 ], [ -77.902175, 40.808736 ], [ -77.901707, 40.808681 ], [ -77.901291, 40.808632 ], [ -77.900537, 40.808543 ], [ -77.900117, 40.808491 ], [ -77.899699, 40.808438 ], [ -77.899286, 40.808387 ], [ -77.898679, 40.808311 ], [ -77.898283, 40.808258 ], [ -77.898138, 40.808269 ], [ -77.89803, 40.808278 ], [ -77.895272, 40.807942 ], [ -77.895365, 40.807498 ], [ -77.8954, 40.807069 ], [ -77.895425, 40.806941 ], [ -77.895404, 40.806802 ], [ -77.895392, 40.806725 ], [ -77.895359, 40.806626 ], [ -77.895297, 40.806551 ], [ -77.895227, 40.80647 ], [ -77.895135, 40.806389 ], [ -77.895041, 40.806325 ], [ -77.89494, 40.806275 ], [ -77.894724, 40.806209 ], [ -77.894619, 40.806203 ], [ -77.894498, 40.806172 ], [ -77.89402, 40.806075 ], [ -77.893589, 40.805975 ], [ -77.893815, 40.805862 ], [ -77.894909, 40.805244 ], [ -77.895173, 40.805076 ], [ -77.895264, 40.805001 ], [ -77.895427, 40.804826 ], [ -77.89575, 40.804431 ], [ -77.895892, 40.804274 ], [ -77.896088, 40.804093 ], [ -77.896195, 40.804008 ], [ -77.896389, 40.803856 ], [ -77.897294, 40.80319 ], [ -77.898048, 40.802637 ], [ -77.898476, 40.802322 ], [ -77.898696, 40.802161 ], [ -77.899248, 40.801762 ], [ -77.89969, 40.801485 ], [ -77.900209, 40.80122 ], [ -77.900604, 40.801629 ], [ -77.900876, 40.801487 ], [ -77.901106, 40.801378 ], [ -77.903146, 40.800354 ], [ -77.903326, 40.800277 ], [ -77.904044, 40.800043 ], [ -77.904722, 40.799837 ], [ -77.904865, 40.799783 ], [ -77.905068, 40.799688 ], [ -77.905277, 40.799561 ], [ -77.905401, 40.799482 ], [ -77.905712, 40.799289 ], [ -77.906084, 40.799046 ], [ -77.906984, 40.798487 ], [ -77.907083, 40.798433 ], [ -77.90732, 40.798303 ], [ -77.907823, 40.798022 ], [ -77.908337, 40.797737 ], [ -77.90863, 40.797578 ], [ -77.909011, 40.797373 ], [ -77.909129, 40.797316 ], [ -77.909479, 40.797159 ], [ -77.910178, 40.796893 ], [ -77.910293, 40.796859 ], [ -77.910432, 40.796815 ], [ -77.911592, 40.79656 ], [ -77.91174, 40.79653 ], [ -77.912006, 40.796496 ], [ -77.912267, 40.796435 ], [ -77.912578, 40.796333 ], [ -77.912831, 40.796218 ], [ -77.912946, 40.79617 ], [ -77.91319, 40.796025 ], [ -77.913297, 40.795954 ], [ -77.913485, 40.79586 ], [ -77.913634, 40.795734 ], [ -77.913768, 40.795609 ], [ -77.91388, 40.795453 ], [ -77.915178, 40.796182 ], [ -77.916501, 40.797112 ], [ -77.916669, 40.797247 ], [ -77.916897, 40.79744 ], [ -77.917179, 40.797699 ], [ -77.917346, 40.797851 ], [ -77.917613, 40.79811 ], [ -77.919107, 40.799698 ], [ -77.919152, 40.799747 ], [ -77.920143, 40.800793 ], [ -77.920843, 40.801505 ], [ -77.921197, 40.801848 ], [ -77.921422, 40.802022 ], [ -77.921534, 40.802094 ], [ -77.921688, 40.802191 ], [ -77.921833, 40.802273 ], [ -77.921951, 40.802345 ], [ -77.922039, 40.8024 ], [ -77.922128, 40.802454 ], [ -77.922335, 40.802593 ], [ -77.922426, 40.802663 ], [ -77.922656, 40.802873 ], [ -77.923593, 40.803807 ], [ -77.924476, 40.804687 ], [ -77.924828, 40.805048 ], [ -77.925356, 40.80557 ], [ -77.925732, 40.805957 ], [ -77.925956, 40.806217 ], [ -77.925982, 40.806256 ], [ -77.926009, 40.806299 ], [ -77.926136, 40.806491 ], [ -77.926216, 40.806643 ], [ -77.926313, 40.806901 ], [ -77.926388, 40.807192 ], [ -77.926399, 40.80766 ] ] ] } },
{ "type": "Feature", "properties": { "GEOID": "42027012000", "median_gross_rent": 1214.0, "median_rent_burden_pct": 51.0, "median_household_income": 23364.0, "vehicle_access_pct": 64.325221238938056, "transit_stop_count": 15, "scheduled_trip_count": 2123, "median_transit_distance_m": 279.96071305819692, "food_access_beyond_half_mile_straight_share": 42.04, "food_access_beyond_half_mile_network_share": 47.73 }, "geometry": { "type": "Polygon", "coordinates": [ [ [ -77.858492, 40.79394 ], [ -77.858168, 40.794223 ], [ -77.857839, 40.79451 ], [ -77.857556, 40.794769 ], [ -77.856936, 40.795311 ], [ -77.857356, 40.795643 ], [ -77.857153, 40.79581 ], [ -77.856346, 40.796393 ], [ -77.855832, 40.796784 ], [ -77.855392, 40.797128 ], [ -77.854876, 40.797515 ], [ -77.853923, 40.798232 ], [ -77.853693, 40.798395 ], [ -77.852546, 40.799257 ], [ -77.852477, 40.799317 ], [ -77.85237, 40.799396 ], [ -77.852426, 40.799437 ], [ -77.852481, 40.799479 ], [ -77.852519, 40.79951 ], [ -77.852768, 40.799702 ], [ -77.853163, 40.800003 ], [ -77.853192, 40.800024 ], [ -77.853385, 40.800172 ], [ -77.853577, 40.800321 ], [ -77.853703, 40.800417 ], [ -77.853502, 40.800571 ], [ -77.853058, 40.800906 ], [ -77.852617, 40.801241 ], [ -77.852288, 40.801479 ], [ -77.852129, 40.801591 ], [ -77.851972, 40.801703 ], [ -77.851837, 40.801796 ], [ -77.851455, 40.802026 ], [ -77.851219, 40.802149 ], [ -77.850883, 40.802297 ], [ -77.850794, 40.802336 ], [ -77.850328, 40.802511 ], [ -77.849864, 40.802687 ], [ -77.849766, 40.802724 ], [ -77.849667, 40.80276 ], [ -77.847654, 40.803504 ], [ -77.843598, 40.80499 ], [ -77.843518, 40.805018 ], [ -77.843309, 40.804822 ], [ -77.842146, 40.803734 ], [ -77.841888, 40.80289 ], [ -77.841525, 40.801714 ], [ -77.841359, 40.801156 ], [ -77.841318, 40.801024 ], [ -77.840946, 40.799805 ], [ -77.840866, 40.799542 ], [ -77.840621, 40.79874 ], [ -77.840752, 40.79867 ], [ -77.840942, 40.798589 ], [ -77.841135, 40.798525 ], [ -77.84138, 40.798466 ], [ -77.84162, 40.79841 ], [ -77.841725, 40.798376 ], [ -77.841856, 40.798314 ], [ -77.841981, 40.798221 ], [ -77.842034, 40.798161 ], [ -77.842425, 40.797578 ], [ -77.842736, 40.797112 ], [ -77.842797, 40.796994 ], [ -77.842866, 40.796821 ], [ -77.842995, 40.796484 ], [ -77.843052, 40.79637 ], [ -77.843236, 40.796069 ], [ -77.843579, 40.795569 ], [ -77.843958, 40.795096 ], [ -77.845578, 40.793327 ], [ -77.845718, 40.79317 ], [ -77.846023, 40.792807 ], [ -77.846272, 40.792472 ], [ -77.846546, 40.792055 ], [ -77.846731, 40.791736 ], [ -77.846861, 40.791489 ], [ -77.846972, 40.791257 ], [ -77.847063, 40.791025 ], [ -77.84734, 40.790068 ], [ -77.847388, 40.789945 ], [ -77.847515, 40.789708 ], [ -77.847682, 40.789488 ], [ -77.847939, 40.78922 ], [ -77.848656, 40.788527 ], [ -77.848757, 40.788452 ], [ -77.848858, 40.788535 ], [ -77.849863, 40.789488 ], [ -77.849938, 40.789544 ], [ -77.850486, 40.789968 ], [ -77.850566, 40.790011 ], [ -77.850833, 40.790148 ], [ -77.851827, 40.790633 ], [ -77.851952, 40.790697 ], [ -77.853077, 40.791255 ], [ -77.853317, 40.791379 ], [ -77.854199, 40.791803 ], [ -77.855289, 40.792348 ], [ -77.856372, 40.792884 ], [ -77.856847, 40.79312 ], [ -77.857243, 40.793322 ], [ -77.857589, 40.793494 ], [ -77.857936, 40.793665 ], [ -77.8582, 40.793789 ], [ -77.858492, 40.79394 ] ] ] } },
{ "type": "Feature", "properties": { "GEOID": "42027012200", "median_gross_rent": null, "median_rent_burden_pct": null, "median_household_income": null, "vehicle_access_pct": 0.0, "transit_stop_count": 13, "scheduled_trip_count": 4040, "median_transit_distance_m": 233.11862382617616, "food_access_beyond_half_mile_straight_share": 0.21, "food_access_beyond_half_mile_network_share": 0.57 }, "geometry": { "type": "Polygon", "coordinates": [ [ [ -77.877953, 40.789784 ], [ -77.87757, 40.790074 ], [ -77.87758, 40.790587 ], [ -77.876953, 40.791426 ], [ -77.876315, 40.79228 ], [ -77.874861, 40.793996 ], [ -77.873632, 40.79545 ], [ -77.872559, 40.796717 ], [ -77.872496, 40.796794 ], [ -77.872454, 40.796768 ], [ -77.872143, 40.797158 ], [ -77.872043, 40.797269 ], [ -77.871385, 40.79806 ], [ -77.871118, 40.798381 ], [ -77.870344, 40.799296 ], [ -77.870132, 40.799545 ], [ -77.869659, 40.800075 ], [ -77.869273, 40.800495 ], [ -77.868165, 40.80177 ], [ -77.86735, 40.802691 ], [ -77.866625, 40.803501 ], [ -77.8655, 40.804781 ], [ -77.865018, 40.805347 ], [ -77.864815, 40.805604 ], [ -77.864589, 40.805921 ], [ -77.864341, 40.806305 ], [ -77.86418, 40.806552 ], [ -77.86385, 40.807143 ], [ -77.863802, 40.807253 ], [ -77.863674, 40.807242 ], [ -77.863245, 40.807203 ], [ -77.861475, 40.807037 ], [ -77.85907, 40.806815 ], [ -77.859235, 40.806645 ], [ -77.859847, 40.806011 ], [ -77.860131, 40.805713 ], [ -77.860557, 40.805265 ], [ -77.86104, 40.804759 ], [ -77.861486, 40.804291 ], [ -77.861353, 40.804204 ], [ -77.860554, 40.80376 ], [ -77.860405, 40.803669 ], [ -77.860358, 40.803642 ], [ -77.859671, 40.803253 ], [ -77.859583, 40.803203 ], [ -77.85917, 40.80297 ], [ -77.858899, 40.802819 ], [ -77.858554, 40.802661 ], [ -77.85842, 40.802615 ], [ -77.858146, 40.802545 ], [ -77.857816, 40.802508 ], [ -77.857878, 40.802385 ], [ -77.858102, 40.80215 ], [ -77.859517, 40.800741 ], [ -77.860322, 40.799947 ], [ -77.860953, 40.799292 ], [ -77.861612, 40.798631 ], [ -77.862153, 40.798141 ], [ -77.862355, 40.79797 ], [ -77.863221, 40.79724 ], [ -77.864257, 40.796466 ], [ -77.865012, 40.795903 ], [ -77.865079, 40.795843 ], [ -77.866614, 40.794693 ], [ -77.865399, 40.793746 ], [ -77.865301, 40.793677 ], [ -77.864975, 40.79345 ], [ -77.864311, 40.793003 ], [ -77.863912, 40.792706 ], [ -77.864413, 40.792343 ], [ -77.865201, 40.791738 ], [ -77.865321, 40.791771 ], [ -77.865473, 40.791838 ], [ -77.865525, 40.79186 ], [ -77.865785, 40.792005 ], [ -77.866012, 40.792141 ], [ -77.866154, 40.79222 ], [ -77.86659, 40.79246 ], [ -77.866911, 40.792642 ], [ -77.867602, 40.79209 ], [ -77.868023, 40.791769 ], [ -77.868472, 40.791432 ], [ -77.868554, 40.791365 ], [ -77.868889, 40.791099 ], [ -77.869136, 40.790908 ], [ -77.869252, 40.790819 ], [ -77.869665, 40.790488 ], [ -77.869736, 40.790433 ], [ -77.870222, 40.79006 ], [ -77.870281, 40.789999 ], [ -77.870743, 40.789659 ], [ -77.871075, 40.789425 ], [ -77.871439, 40.789152 ], [ -77.871475, 40.78912 ], [ -77.871532, 40.78907 ], [ -77.871593, 40.789021 ], [ -77.87166, 40.788973 ], [ -77.871865, 40.788821 ], [ -77.87191, 40.788787 ], [ -77.871946, 40.788762 ], [ -77.872025, 40.788699 ], [ -77.87217, 40.788594 ], [ -77.872247, 40.788535 ], [ -77.872406, 40.788419 ], [ -77.872638, 40.788252 ], [ -77.87272, 40.788192 ], [ -77.872803, 40.788134 ], [ -77.872883, 40.788085 ], [ -77.873052, 40.787984 ], [ -77.873136, 40.787933 ], [ -77.873212, 40.787891 ], [ -77.873277, 40.787858 ], [ -77.873368, 40.787815 ], [ -77.873377, 40.787734 ], [ -77.873688, 40.787601 ], [ -77.873821, 40.787566 ], [ -77.874098, 40.787493 ], [ -77.874645, 40.787417 ], [ -77.874755, 40.787419 ], [ -77.875103, 40.787432 ], [ -77.875593, 40.787512 ], [ -77.875901, 40.787622 ], [ -77.876242, 40.787762 ], [ -77.876374, 40.787816 ], [ -77.876828, 40.788151 ], [ -77.877808, 40.789589 ], [ -77.877953, 40.789784 ] ] ] } },
{ "type": "Feature", "properties": { "GEOID": "42027012300", "median_gross_rent": 1924.0, "median_rent_burden_pct": 41.6, "median_household_income": 153125.0, "vehicle_access_pct": 97.792494481236204, "transit_stop_count": 4, "scheduled_trip_count": 1570, "median_transit_distance_m": 639.39950870910116, "food_access_beyond_half_mile_straight_share": 19.75, "food_access_beyond_half_mile_network_share": 73.74 }, "geometry": { "type": "Polygon", "coordinates": [ [ [ -77.886211, 40.799336 ], [ -77.886141, 40.799364 ], [ -77.886169, 40.79939 ], [ -77.88574, 40.799594 ], [ -77.885132, 40.799883 ], [ -77.884461, 40.800149 ], [ -77.884304, 40.80021 ], [ -77.883595, 40.800493 ], [ -77.882914, 40.80078 ], [ -77.882794, 40.800836 ], [ -77.882681, 40.80089 ], [ -77.882423, 40.800995 ], [ -77.882422, 40.800973 ], [ -77.882416, 40.800875 ], [ -77.882398, 40.800571 ], [ -77.882395, 40.800533 ], [ -77.882392, 40.800482 ], [ -77.882041, 40.800482 ], [ -77.882004, 40.799498 ], [ -77.881321, 40.799814 ], [ -77.880887, 40.800011 ], [ -77.880874, 40.800017 ], [ -77.880315, 40.800276 ], [ -77.879032, 40.800868 ], [ -77.878717, 40.80101 ], [ -77.878331, 40.80119 ], [ -77.877382, 40.8016 ], [ -77.876921, 40.801808 ], [ -77.876865, 40.801833 ], [ -77.876856, 40.801865 ], [ -77.876727, 40.802323 ], [ -77.876263, 40.803894 ], [ -77.87607, 40.804555 ], [ -77.875329, 40.804351 ], [ -77.875024, 40.804268 ], [ -77.874401, 40.805165 ], [ -77.874084, 40.805621 ], [ -77.873895, 40.805892 ], [ -77.873888, 40.805903 ], [ -77.873853, 40.805953 ], [ -77.873829, 40.805988 ], [ -77.873796, 40.805977 ], [ -77.872906, 40.805691 ], [ -77.869637, 40.80464 ], [ -77.869207, 40.804505 ], [ -77.868143, 40.806171 ], [ -77.86759, 40.807037 ], [ -77.867512, 40.80716 ], [ -77.867251, 40.807572 ], [ -77.863802, 40.807253 ], [ -77.86385, 40.807143 ], [ -77.86418, 40.806552 ], [ -77.864341, 40.806305 ], [ -77.864589, 40.805921 ], [ -77.864815, 40.805604 ], [ -77.865018, 40.805347 ], [ -77.8655, 40.804781 ], [ -77.866625, 40.803501 ], [ -77.86735, 40.802691 ], [ -77.868165, 40.80177 ], [ -77.869273, 40.800495 ], [ -77.869659, 40.800075 ], [ -77.870132, 40.799545 ], [ -77.870344, 40.799296 ], [ -77.871118, 40.798381 ], [ -77.871385, 40.79806 ], [ -77.872043, 40.797269 ], [ -77.872143, 40.797158 ], [ -77.872454, 40.796768 ], [ -77.872496, 40.796794 ], [ -77.872559, 40.796717 ], [ -77.873632, 40.79545 ], [ -77.874861, 40.793996 ], [ -77.876315, 40.79228 ], [ -77.876953, 40.791426 ], [ -77.87758, 40.790587 ], [ -77.87757, 40.790074 ], [ -77.877953, 40.789784 ], [ -77.878058, 40.789927 ], [ -77.878179, 40.790091 ], [ -77.87889, 40.790898 ], [ -77.879156, 40.79115 ], [ -77.879255, 40.791221 ], [ -77.879398, 40.791324 ], [ -77.880982, 40.792297 ], [ -77.881429, 40.792572 ], [ -77.88161, 40.792712 ], [ -77.882072, 40.793179 ], [ -77.882423, 40.793529 ], [ -77.882728, 40.793867 ], [ -77.882921, 40.794132 ], [ -77.88317, 40.794554 ], [ -77.883283, 40.794854 ], [ -77.883374, 40.79516 ], [ -77.883379, 40.795415 ], [ -77.883305, 40.795797 ], [ -77.882877, 40.796778 ], [ -77.885349, 40.797246 ], [ -77.885701, 40.797317 ], [ -77.885466, 40.798037 ], [ -77.885394, 40.798256 ], [ -77.885372, 40.798331 ], [ -77.885246, 40.798712 ], [ -77.885652, 40.798911 ], [ -77.886301, 40.79923 ], [ -77.886211, 40.799336 ] ] ] } },
{ "type": "Feature", "properties": { "GEOID": "42027012400", "median_gross_rent": 1371.0, "median_rent_burden_pct": 47.8, "median_household_income": 41502.0, "vehicle_access_pct": 81.700879765395896, "transit_stop_count": 8, "scheduled_trip_count": 885, "median_transit_distance_m": 344.54330877875168, "food_access_beyond_half_mile_straight_share": 11.69, "food_access_beyond_half_mile_network_share": 16.25 }, "geometry": { "type": "Polygon", "coordinates": [ [ [ -77.874836, 40.780957 ], [ -77.87395, 40.781464 ], [ -77.874008, 40.781528 ], [ -77.874492, 40.782101 ], [ -77.874587, 40.782207 ], [ -77.874132, 40.782472 ], [ -77.873916, 40.782577 ], [ -77.873602, 40.782243 ], [ -77.873258, 40.78253 ], [ -77.873127, 40.782641 ], [ -77.872884, 40.782844 ], [ -77.872806, 40.782909 ], [ -77.872707, 40.782992 ], [ -77.872625, 40.783061 ], [ -77.872471, 40.78319 ], [ -77.872377, 40.783269 ], [ -77.872271, 40.783357 ], [ -77.872193, 40.783424 ], [ -77.872101, 40.783501 ], [ -77.871781, 40.783768 ], [ -77.871581, 40.783936 ], [ -77.871339, 40.784139 ], [ -77.87128, 40.784188 ], [ -77.871131, 40.784313 ], [ -77.870788, 40.7846 ], [ -77.870583, 40.784773 ], [ -77.870408, 40.78492 ], [ -77.870293, 40.785016 ], [ -77.869742, 40.785477 ], [ -77.869633, 40.785566 ], [ -77.86948, 40.785694 ], [ -77.869817, 40.785965 ], [ -77.869975, 40.786087 ], [ -77.870215, 40.786273 ], [ -77.870446, 40.78645 ], [ -77.870798, 40.786724 ], [ -77.871023, 40.786897 ], [ -77.871256, 40.787076 ], [ -77.871842, 40.787531 ], [ -77.872252, 40.787849 ], [ -77.87262, 40.788134 ], [ -77.872663, 40.788108 ], [ -77.873354, 40.787742 ], [ -77.873377, 40.787734 ], [ -77.873368, 40.787815 ], [ -77.873277, 40.787858 ], [ -77.873212, 40.787891 ], [ -77.873136, 40.787933 ], [ -77.873052, 40.787984 ], [ -77.872883, 40.788085 ], [ -77.872803, 40.788134 ], [ -77.87272, 40.788192 ], [ -77.872638, 40.788252 ], [ -77.872406, 40.788419 ], [ -77.872247, 40.788535 ], [ -77.87217, 40.788594 ], [ -77.872025, 40.788699 ], [ -77.871946, 40.788762 ], [ -77.87191, 40.788787 ], [ -77.871865, 40.788821 ], [ -77.87166, 40.788973 ], [ -77.871593, 40.789021 ], [ -77.871532, 40.78907 ], [ -77.871475, 40.78912 ], [ -77.871439, 40.789152 ], [ -77.871075, 40.789425 ], [ -77.870743, 40.789659 ], [ -77.870281, 40.789999 ], [ -77.870222, 40.79006 ], [ -77.869736, 40.790433 ], [ -77.869665, 40.790488 ], [ -77.869252, 40.790819 ], [ -77.869136, 40.790908 ], [ -77.868889, 40.791099 ], [ -77.868554, 40.791365 ], [ -77.868472, 40.791432 ], [ -77.868023, 40.791769 ], [ -77.867602, 40.79209 ], [ -77.866911, 40.792642 ], [ -77.86659, 40.79246 ], [ -77.866154, 40.79222 ], [ -77.866012, 40.792141 ], [ -77.865785, 40.792005 ], [ -77.865525, 40.79186 ], [ -77.865473, 40.791838 ], [ -77.865321, 40.791771 ], [ -77.865201, 40.791738 ], [ -77.864904, 40.791641 ], [ -77.864792, 40.791586 ], [ -77.864612, 40.791459 ], [ -77.863793, 40.790822 ], [ -77.86362, 40.790696 ], [ -77.863318, 40.790465 ], [ -77.862719, 40.790002 ], [ -77.862191, 40.78961 ], [ -77.861733, 40.789252 ], [ -77.861106, 40.788786 ], [ -77.860206, 40.788088 ], [ -77.860108, 40.788005 ], [ -77.859919, 40.78787 ], [ -77.859739, 40.78773 ], [ -77.859454, 40.787507 ], [ -77.85926, 40.787368 ], [ -77.858977, 40.787154 ], [ -77.858773, 40.787011 ], [ -77.858392, 40.786786 ], [ -77.858227, 40.7867 ], [ -77.858175, 40.78667 ], [ -77.857885, 40.786542 ], [ -77.857656, 40.786453 ], [ -77.857457, 40.786385 ], [ -77.857327, 40.78634 ], [ -77.856926, 40.786232 ], [ -77.856533, 40.786152 ], [ -77.855153, 40.785907 ], [ -77.854557, 40.785791 ], [ -77.854485, 40.78578 ], [ -77.853441, 40.785594 ], [ -77.852476, 40.785415 ], [ -77.851843, 40.785304 ], [ -77.852209, 40.784809 ], [ -77.852293, 40.784708 ], [ -77.853147, 40.783579 ], [ -77.853242, 40.783464 ], [ -77.853453, 40.783243 ], [ -77.853694, 40.783039 ], [ -77.85378, 40.782978 ], [ -77.853891, 40.782899 ], [ -77.854257, 40.782691 ], [ -77.854572, 40.782553 ], [ -77.854989, 40.782412 ], [ -77.855053, 40.782397 ], [ -77.855162, 40.782367 ], [ -77.855552, 40.782299 ], [ -77.855869, 40.782269 ], [ -77.856235, 40.78226 ], [ -77.856524, 40.782275 ], [ -77.85779, 40.782406 ], [ -77.858071, 40.782435 ], [ -77.859203, 40.78256 ], [ -77.859324, 40.782571 ], [ -77.859833, 40.782621 ], [ -77.860139, 40.782658 ], [ -77.860458, 40.782682 ], [ -77.860793, 40.782687 ], [ -77.860855, 40.782681 ], [ -77.861129, 40.782665 ], [ -77.861382, 40.782636 ], [ -77.861634, 40.782594 ], [ -77.861882, 40.782538 ], [ -77.862222, 40.782435 ], [ -77.862481, 40.782339 ], [ -77.862928, 40.782157 ], [ -77.863195, 40.782073 ], [ -77.863469, 40.782004 ], [ -77.863671, 40.781969 ], [ -77.863845, 40.78194 ], [ -77.864035, 40.781922 ], [ -77.864272, 40.781912 ], [ -77.864414, 40.781913 ], [ -77.864725, 40.781909 ], [ -77.8675, 40.781885 ], [ -77.867707, 40.781862 ], [ -77.867866, 40.781818 ], [ -77.868024, 40.781773 ], [ -77.868077, 40.781749 ], [ -77.868381, 40.781553 ], [ -77.868946, 40.781084 ], [ -77.870451, 40.779835 ], [ -77.870728, 40.779621 ], [ -77.870766, 40.779602 ], [ -77.870876, 40.779533 ], [ -77.870924, 40.779503 ], [ -77.870936, 40.779497 ], [ -77.870987, 40.779475 ], [ -77.87191, 40.780429 ], [ -77.872369, 40.780909 ], [ -77.872441, 40.780978 ], [ -77.873827, 40.780229 ], [ -77.874035, 40.780117 ], [ -77.874836, 40.780957 ] ] ] } },
{ "type": "Feature", "properties": { "GEOID": "42027012500", "median_gross_rent": 1088.0, "median_rent_burden_pct": 51.0, "median_household_income": 13994.0, "vehicle_access_pct": 51.517341040462426, "transit_stop_count": 3, "scheduled_trip_count": 1421, "median_transit_distance_m": 164.94480775353333, "food_access_beyond_half_mile_straight_share": 0.0, "food_access_beyond_half_mile_network_share": 26.83 }, "geometry": { "type": "Polygon", "coordinates": [ [ [ -77.865201, 40.791738 ], [ -77.864413, 40.792343 ], [ -77.863912, 40.792706 ], [ -77.86319, 40.79326 ], [ -77.862758, 40.793573 ], [ -77.861614, 40.794425 ], [ -77.860446, 40.795305 ], [ -77.860367, 40.795366 ], [ -77.859842, 40.795753 ], [ -77.859792, 40.795793 ], [ -77.859447, 40.79606 ], [ -77.859213, 40.796232 ], [ -77.85865, 40.796656 ], [ -77.858325, 40.796916 ], [ -77.857668, 40.797414 ], [ -77.856942, 40.797968 ], [ -77.856192, 40.798532 ], [ -77.855008, 40.79943 ], [ -77.854422, 40.79989 ], [ -77.85407, 40.800153 ], [ -77.853942, 40.800249 ], [ -77.853703, 40.800417 ], [ -77.853577, 40.800321 ], [ -77.853385, 40.800172 ], [ -77.853192, 40.800024 ], [ -77.853163, 40.800003 ], [ -77.852768, 40.799702 ], [ -77.852519, 40.79951 ], [ -77.852481, 40.799479 ], [ -77.852426, 40.799437 ], [ -77.85237, 40.799396 ], [ -77.852477, 40.799317 ], [ -77.852546, 40.799257 ], [ -77.853693, 40.798395 ], [ -77.853923, 40.798232 ], [ -77.854876, 40.797515 ], [ -77.855392, 40.797128 ], [ -77.855832, 40.796784 ], [ -77.856346, 40.796393 ], [ -77.857153, 40.79581 ], [ -77.857356, 40.795643 ], [ -77.856936, 40.795311 ], [ -77.857556, 40.794769 ], [ -77.857839, 40.79451 ], [ -77.858168, 40.794223 ], [ -77.858492, 40.79394 ], [ -77.8582, 40.793789 ], [ -77.857936, 40.793665 ], [ -77.857589, 40.793494 ], [ -77.857243, 40.793322 ], [ -77.856847, 40.79312 ], [ -77.856372, 40.792884 ], [ -77.856542, 40.792686 ], [ -77.856709, 40.792489 ], [ -77.857009, 40.792134 ], [ -77.857362, 40.791734 ], [ -77.857656, 40.791411 ], [ -77.857739, 40.791333 ], [ -77.858047, 40.79105 ], [ -77.858355, 40.790813 ], [ -77.858479, 40.790729 ], [ -77.858689, 40.790562 ], [ -77.858949, 40.790375 ], [ -77.859008, 40.790428 ], [ -77.859184, 40.790554 ], [ -77.860022, 40.791222 ], [ -77.860274, 40.791432 ], [ -77.861109, 40.792073 ], [ -77.861316, 40.791929 ], [ -77.861657, 40.791672 ], [ -77.861907, 40.791483 ], [ -77.862126, 40.791319 ], [ -77.86245, 40.791085 ], [ -77.862683, 40.790904 ], [ -77.86297, 40.790685 ], [ -77.863318, 40.790465 ], [ -77.86362, 40.790696 ], [ -77.863793, 40.790822 ], [ -77.864612, 40.791459 ], [ -77.864792, 40.791586 ], [ -77.864904, 40.791641 ], [ -77.865201, 40.791738 ] ] ] } },
{ "type": "Feature", "properties": { "GEOID": "42027012600", "median_gross_rent": 1148.0, "median_rent_burden_pct": 43.5, "median_household_income": 40591.0, "vehicle_access_pct": 73.396226415094333, "transit_stop_count": 8, "scheduled_trip_count": 560, "median_transit_distance_m": 237.35823241969422, "food_access_beyond_half_mile_straight_share": 0.0, "food_access_beyond_half_mile_network_share": 0.0 }, "geometry": { "type": "Polygon", "coordinates": [ [ [ -77.86297, 40.790685 ], [ -77.862683, 40.790904 ], [ -77.86245, 40.791085 ], [ -77.862126, 40.791319 ], [ -77.861907, 40.791483 ], [ -77.861657, 40.791672 ], [ -77.861316, 40.791929 ], [ -77.861109, 40.792073 ], [ -77.860274, 40.791432 ], [ -77.860022, 40.791222 ], [ -77.859184, 40.790554 ], [ -77.859008, 40.790428 ], [ -77.858949, 40.790375 ], [ -77.858689, 40.790562 ], [ -77.858479, 40.790729 ], [ -77.858355, 40.790813 ], [ -77.858047, 40.79105 ], [ -77.857739, 40.791333 ], [ -77.857656, 40.791411 ], [ -77.857362, 40.791734 ], [ -77.857009, 40.792134 ], [ -77.856709, 40.792489 ], [ -77.856542, 40.792686 ], [ -77.856372, 40.792884 ], [ -77.855289, 40.792348 ], [ -77.854199, 40.791803 ], [ -77.853317, 40.791379 ], [ -77.853077, 40.791255 ], [ -77.851952, 40.790697 ], [ -77.851827, 40.790633 ], [ -77.850833, 40.790148 ], [ -77.850566, 40.790011 ], [ -77.850486, 40.789968 ], [ -77.849938, 40.789544 ], [ -77.849863, 40.789488 ], [ -77.848858, 40.788535 ], [ -77.848757, 40.788452 ], [ -77.84885, 40.788387 ], [ -77.84925, 40.788156 ], [ -77.849749, 40.787851 ], [ -77.849931, 40.787734 ], [ -77.850024, 40.78766 ], [ -77.850151, 40.78754 ], [ -77.85016, 40.787527 ], [ -77.850425, 40.787191 ], [ -77.851244, 40.786103 ], [ -77.851843, 40.785304 ], [ -77.852476, 40.785415 ], [ -77.853441, 40.785594 ], [ -77.854485, 40.78578 ], [ -77.854557, 40.785791 ], [ -77.855153, 40.785907 ], [ -77.856533, 40.786152 ], [ -77.856926, 40.786232 ], [ -77.857327, 40.78634 ], [ -77.857457, 40.786385 ], [ -77.857656, 40.786453 ], [ -77.857885, 40.786542 ], [ -77.858175, 40.78667 ], [ -77.858227, 40.7867 ], [ -77.858392, 40.786786 ], [ -77.858773, 40.787011 ], [ -77.858977, 40.787154 ], [ -77.85926, 40.787368 ], [ -77.859454, 40.787507 ], [ -77.859739, 40.78773 ], [ -77.859919, 40.78787 ], [ -77.860108, 40.788005 ], [ -77.860206, 40.788088 ], [ -77.861106, 40.788786 ], [ -77.861733, 40.789252 ], [ -77.862191, 40.78961 ], [ -77.862719, 40.790002 ], [ -77.863318, 40.790465 ], [ -77.86297, 40.790685 ] ] ] } },
{ "type": "Feature", "properties": { "GEOID": "42027010500", "median_gross_rent": 849.0, "median_rent_burden_pct": 27.3, "median_household_income": 71402.0, "vehicle_access_pct": 95.843287147634967, "transit_stop_count": 0, "scheduled_trip_count": 0, "median_transit_distance_m": 6336.7495238448528, "food_access_beyond_half_mile_straight_share": 91.92, "food_access_beyond_half_mile_network_share": 92.94 }, "geometry": { "type": "Polygon", "coordinates": [ [ [ -78.282937, 40.736402 ], [ -78.281764, 40.737044 ], [ -78.279426, 40.738314 ], [ -78.279101, 40.738519 ], [ -78.274995, 40.740721 ], [ -78.272792, 40.741918 ], [ -78.271352, 40.742701 ], [ -78.25218, 40.753116 ], [ -78.251632, 40.753414 ], [ -78.24792, 40.75543 ], [ -78.246667, 40.756111 ], [ -78.243429, 40.757868 ], [ -78.243401, 40.757883 ], [ -78.241866, 40.758723 ], [ -78.240042, 40.75971 ], [ -78.239017, 40.760267 ], [ -78.237017, 40.761354 ], [ -78.235787, 40.762022 ], [ -78.234846, 40.762551 ], [ -78.234388, 40.762794 ], [ -78.233205, 40.763425 ], [ -78.233155, 40.763451 ], [ -78.232758, 40.763668 ], [ -78.231734, 40.764225 ], [ -78.212515, 40.774666 ], [ -78.211979, 40.774955 ], [ -78.211708, 40.775104 ], [ -78.211415, 40.775263 ], [ -78.211229, 40.775364 ], [ -78.210864, 40.775563 ], [ -78.20982, 40.77613 ], [ -78.209343, 40.776397 ], [ -78.201145, 40.780846 ], [ -78.200275, 40.781318 ], [ -78.193868, 40.784824 ], [ -78.179976, 40.792427 ], [ -78.170725, 40.797489 ], [ -78.156986, 40.805007 ], [ -78.15696, 40.805019 ], [ -78.135924, 40.816533 ], [ -78.135588, 40.816736 ], [ -78.119958, 40.826201 ], [ -78.117354, 40.827777 ], [ -78.116431, 40.828338 ], [ -78.114831, 40.829305 ], [ -78.1144, 40.829558 ], [ -78.113669, 40.829983 ], [ -78.111846, 40.831046 ], [ -78.091273, 40.843041 ], [ -78.083151, 40.847779 ], [ -78.069171, 40.855807 ], [ -78.055071, 40.863904 ], [ -78.049067, 40.867349 ], [ -78.04831, 40.867788 ], [ -78.022525, 40.883441 ], [ -78.021069, 40.884321 ], [ -78.019953, 40.884996 ], [ -78.013445, 40.888943 ], [ -78.001499, 40.89731 ], [ -77.998407, 40.899476 ], [ -77.995231, 40.901701 ], [ -77.987875, 40.906844 ], [ -77.987109, 40.907393 ], [ -77.975454, 40.915812 ], [ -77.964089, 40.923599 ], [ -77.964234, 40.92371 ], [ -77.964532, 40.923942 ], [ -77.964824, 40.924163 ], [ -77.965901, 40.924988 ], [ -77.967026, 40.925851 ], [ -77.97003, 40.928153 ], [ -77.985906, 40.940322 ], [ -77.982524, 40.94375 ], [ -77.977599, 40.948742 ], [ -77.959367, 40.967249 ], [ -77.957891, 40.968675 ], [ -77.953903, 40.972744 ], [ -77.951978, 40.974709 ], [ -77.936638, 40.990245 ], [ -77.928244, 40.998752 ], [ -77.926867, 40.999334 ], [ -77.910003, 41.006462 ], [ -77.899508, 41.010898 ], [ -77.898958, 41.010313 ], [ -77.897513, 41.008776 ], [ -77.891789, 41.002685 ], [ -77.891358, 41.002225 ], [ -77.8863, 40.996838 ], [ -77.88193, 40.992184 ], [ -77.868361, 40.977734 ], [ -77.867845, 40.977184 ], [ -77.867503, 40.976818 ], [ -77.867077, 40.976364 ], [ -77.856174, 40.964751 ], [ -77.85572, 40.96427 ], [ -77.846655, 40.954607 ], [ -77.841677, 40.949299 ], [ -77.833402, 40.940469 ], [ -77.829181, 40.935966 ], [ -77.825739, 40.932288 ], [ -77.823846, 40.930271 ], [ -77.823472, 40.929872 ], [ -77.813159, 40.918863 ], [ -77.813148, 40.918851 ], [ -77.814829, 40.917797 ], [ -77.815976, 40.917168 ], [ -77.817239, 40.916584 ], [ -77.81913, 40.915671 ], [ -77.820027, 40.915323 ], [ -77.820312, 40.915213 ], [ -77.821626, 40.914551 ], [ -77.822122, 40.914243 ], [ -77.823021, 40.913686 ], [ -77.824664, 40.912882 ], [ -77.825065, 40.912702 ], [ -77.826459, 40.912118 ], [ -77.82786, 40.911561 ], [ -77.830281, 40.910536 ], [ -77.830516, 40.910436 ], [ -77.832186, 40.909737 ], [ -77.833281, 40.909262 ], [ -77.835416, 40.908241 ], [ -77.835443, 40.908228 ], [ -77.83678, 40.907794 ], [ -77.838215, 40.907347 ], [ -77.839747, 40.906888 ], [ -77.841622, 40.90623 ], [ -77.850842, 40.901894 ], [ -77.851012, 40.901814 ], [ -77.85315, 40.900808 ], [ -77.856209, 40.89937 ], [ -77.85849, 40.898298 ], [ -77.858726, 40.898186 ], [ -77.864293, 40.895512 ], [ -77.87169, 40.892025 ], [ -77.872758, 40.891522 ], [ -77.873617, 40.891149 ], [ -77.87445, 40.890828 ], [ -77.874853, 40.890665 ], [ -77.87536, 40.89039 ], [ -77.875952, 40.890004 ], [ -77.880789, 40.886752 ], [ -77.883681, 40.884686 ], [ -77.884298, 40.884303 ], [ -77.885776, 40.883449 ], [ -77.886522, 40.882967 ], [ -77.887805, 40.882064 ], [ -77.889266, 40.880915 ], [ -77.890402, 40.880197 ], [ -77.891214, 40.879628 ], [ -77.891553, 40.87935 ], [ -77.891863, 40.879097 ], [ -77.891975, 40.87902 ], [ -77.892772, 40.878478 ], [ -77.893681, 40.877971 ], [ -77.893754, 40.877933 ], [ -77.894525, 40.877538 ], [ -77.895288, 40.87708 ], [ -77.89597, 40.876561 ], [ -77.896577, 40.876117 ], [ -77.897714, 40.875287 ], [ -77.897906, 40.875156 ], [ -77.899049, 40.874375 ], [ -77.90013, 40.873618 ], [ -77.901298, 40.872706 ], [ -77.904894, 40.870518 ], [ -77.904924, 40.870498 ], [ -77.905796, 40.869444 ], [ -77.906898, 40.868105 ], [ -77.908022, 40.866739 ], [ -77.908107, 40.866649 ], [ -77.908255, 40.86647 ], [ -77.908286, 40.866462 ], [ -77.90893, 40.866298 ], [ -77.912418, 40.865411 ], [ -77.913377, 40.865167 ], [ -77.914762, 40.864814 ], [ -77.915448, 40.864453 ], [ -77.916507, 40.863896 ], [ -77.918133, 40.863041 ], [ -77.920094, 40.86201 ], [ -77.921447, 40.861298 ], [ -77.922312, 40.860843 ], [ -77.922878, 40.860545 ], [ -77.923778, 40.85965 ], [ -77.924142, 40.859288 ], [ -77.924713, 40.858722 ], [ -77.925565, 40.857879 ], [ -77.925953, 40.85749 ], [ -77.926827, 40.856622 ], [ -77.927352, 40.8561 ], [ -77.929018, 40.854952 ], [ -77.930271, 40.854097 ], [ -77.930542, 40.85392 ], [ -77.932189, 40.852795 ], [ -77.932223, 40.852773 ], [ -77.932314, 40.85271 ], [ -77.953057, 40.842731 ], [ -77.958381, 40.840271 ], [ -77.961309, 40.839157 ], [ -77.965958, 40.837387 ], [ -77.973031, 40.834694 ], [ -77.973133, 40.834654 ], [ -77.974158, 40.834256 ], [ -77.974261, 40.83422 ], [ -77.974982, 40.833938 ], [ -77.982582, 40.831018 ], [ -77.984467, 40.829662 ], [ -77.987375, 40.827569 ], [ -77.998182, 40.820932 ], [ -77.998374, 40.820847 ], [ -77.999636, 40.82029 ], [ -78.000854, 40.819991 ], [ -78.002169, 40.81958 ], [ -78.002344, 40.819506 ], [ -78.003386, 40.819059 ], [ -78.004456, 40.818278 ], [ -78.006105, 40.816904 ], [ -78.006217, 40.816839 ], [ -78.007241, 40.816247 ], [ -78.00825, 40.815861 ], [ -78.009369, 40.81534 ], [ -78.01078, 40.814521 ], [ -78.011849, 40.813815 ], [ -78.012822, 40.813145 ], [ -78.014768, 40.811992 ], [ -78.017394, 40.810541 ], [ -78.018541, 40.809998 ], [ -78.0212, 40.808172 ], [ -78.028361, 40.80403 ], [ -78.030637, 40.802281 ], [ -78.031993, 40.801265 ], [ -78.033059, 40.800219 ], [ -78.034432, 40.799005 ], [ -78.03602, 40.797887 ], [ -78.038022, 40.795953 ], [ -78.038392, 40.795644 ], [ -78.042657, 40.79223 ], [ -78.043086, 40.791886 ], [ -78.046069, 40.789225 ], [ -78.046096, 40.789209 ], [ -78.049368, 40.786993 ], [ -78.051853, 40.784433 ], [ -78.052317, 40.784105 ], [ -78.057662, 40.780337 ], [ -78.063802, 40.776009 ], [ -78.065793, 40.774605 ], [ -78.071793, 40.770371 ], [ -78.115856, 40.739283 ], [ -78.116208, 40.739378 ], [ -78.116521, 40.739127 ], [ -78.118358, 40.739593 ], [ -78.11839, 40.739601 ], [ -78.11867, 40.739672 ], [ -78.118728, 40.739687 ], [ -78.129314, 40.742371 ], [ -78.131564, 40.742948 ], [ -78.13179, 40.743005 ], [ -78.131834, 40.743017 ], [ -78.133538, 40.742928 ], [ -78.133848, 40.742918 ], [ -78.13634, 40.742842 ], [ -78.145661, 40.742486 ], [ -78.153768, 40.742166 ], [ -78.154638, 40.742132 ], [ -78.173512, 40.741381 ], [ -78.193766, 40.740571 ], [ -78.194439, 40.740544 ], [ -78.197239, 40.740432 ], [ -78.203188, 40.740198 ], [ -78.203218, 40.740197 ], [ -78.203363, 40.740187 ], [ -78.203628, 40.740176 ], [ -78.221735, 40.739375 ], [ -78.225042, 40.739215 ], [ -78.227913, 40.739076 ], [ -78.230061, 40.738973 ], [ -78.231548, 40.738901 ], [ -78.255845, 40.737722 ], [ -78.257814, 40.737626 ], [ -78.263725, 40.737338 ], [ -78.265695, 40.737243 ], [ -78.268345, 40.737113 ], [ -78.27364, 40.736855 ], [ -78.276297, 40.736725 ], [ -78.278948, 40.736597 ], [ -78.282348, 40.736431 ], [ -78.282415, 40.736427 ], [ -78.282781, 40.73641 ], [ -78.282937, 40.736402 ] ] ] } },
{ "type": "Feature", "properties": { "GEOID": "42027011905", "median_gross_rent": 1207.0, "median_rent_burden_pct": 9.0, "median_household_income": 150455.0, "vehicle_access_pct": 100.0, "transit_stop_count": 3, "scheduled_trip_count": 64, "median_transit_distance_m": 1044.9581914427336, "food_access_beyond_half_mile_straight_share": 90.91, "food_access_beyond_half_mile_network_share": 97.76 }, "geometry": { "type": "Polygon", "coordinates": [ [ [ -77.917285, 40.766987 ], [ -77.91725, 40.767055 ], [ -77.917177, 40.767133 ], [ -77.916876, 40.767312 ], [ -77.916246, 40.767661 ], [ -77.916152, 40.767713 ], [ -77.916, 40.767812 ], [ -77.914559, 40.76865 ], [ -77.913889, 40.769027 ], [ -77.910493, 40.771 ], [ -77.909503, 40.771566 ], [ -77.907876, 40.772498 ], [ -77.907699, 40.772599 ], [ -77.904896, 40.774199 ], [ -77.904308, 40.774497 ], [ -77.903249, 40.77501 ], [ -77.902865, 40.775205 ], [ -77.902415, 40.775423 ], [ -77.901917, 40.775674 ], [ -77.901688, 40.775788 ], [ -77.900768, 40.776235 ], [ -77.899718, 40.776765 ], [ -77.898966, 40.777167 ], [ -77.898181, 40.777615 ], [ -77.896351, 40.778665 ], [ -77.893644, 40.775752 ], [ -77.893432, 40.775572 ], [ -77.890923, 40.772834 ], [ -77.890646, 40.772536 ], [ -77.890105, 40.771958 ], [ -77.889522, 40.771351 ], [ -77.889023, 40.770815 ], [ -77.887978, 40.769742 ], [ -77.887391, 40.769162 ], [ -77.887043, 40.768806 ], [ -77.886671, 40.768699 ], [ -77.886593, 40.768574 ], [ -77.886416, 40.768326 ], [ -77.88624, 40.768115 ], [ -77.88598, 40.767806 ], [ -77.885745, 40.76756 ], [ -77.884846, 40.766695 ], [ -77.883953, 40.765817 ], [ -77.883931, 40.765795 ], [ -77.883911, 40.765773 ], [ -77.883877, 40.765742 ], [ -77.880803, 40.762707 ], [ -77.879684, 40.761591 ], [ -77.877999, 40.759953 ], [ -77.87935, 40.759176 ], [ -77.882018, 40.757651 ], [ -77.882061, 40.757627 ], [ -77.883207, 40.756968 ], [ -77.883868, 40.756591 ], [ -77.885007, 40.755941 ], [ -77.886727, 40.754966 ], [ -77.886926, 40.754848 ], [ -77.887159, 40.754716 ], [ -77.887559, 40.754486 ], [ -77.888956, 40.75359 ], [ -77.889755, 40.753075 ], [ -77.890319, 40.752723 ], [ -77.890353, 40.752704 ], [ -77.891043, 40.752295 ], [ -77.89265, 40.751377 ], [ -77.893348, 40.750999 ], [ -77.893814, 40.750735 ], [ -77.896342, 40.749357 ], [ -77.897197, 40.750146 ], [ -77.897464, 40.750414 ], [ -77.897667, 40.750634 ], [ -77.898036, 40.75098 ], [ -77.8982, 40.751143 ], [ -77.90047, 40.753328 ], [ -77.900847, 40.753697 ], [ -77.901177, 40.754 ], [ -77.901883, 40.754671 ], [ -77.903714, 40.756462 ], [ -77.903835, 40.756572 ], [ -77.90441, 40.75708 ], [ -77.904561, 40.757193 ], [ -77.904677, 40.757262 ], [ -77.904816, 40.757331 ], [ -77.905267, 40.757518 ], [ -77.905399, 40.757586 ], [ -77.905741, 40.757821 ], [ -77.906451, 40.758406 ], [ -77.907529, 40.759334 ], [ -77.909164, 40.760468 ], [ -77.909505, 40.760712 ], [ -77.911309, 40.761927 ], [ -77.911599, 40.762122 ], [ -77.912481, 40.76274 ], [ -77.913134, 40.763219 ], [ -77.913883, 40.763785 ], [ -77.914261, 40.764091 ], [ -77.915474, 40.765096 ], [ -77.916176, 40.765709 ], [ -77.917119, 40.766617 ], [ -77.917242, 40.766763 ], [ -77.917275, 40.766829 ], [ -77.917295, 40.766919 ], [ -77.917285, 40.766987 ] ] ] } },
{ "type": "Feature", "properties": { "GEOID": "42027011201", "median_gross_rent": 1245.0, "median_rent_burden_pct": 42.4, "median_household_income": 101228.0, "vehicle_access_pct": 98.010939830929885, "transit_stop_count": 0, "scheduled_trip_count": 0, "median_transit_distance_m": 3118.3233961209917, "food_access_beyond_half_mile_straight_share": 87.71, "food_access_beyond_half_mile_network_share": 92.43 }, "geometry": { "type": "Polygon", "coordinates": [ [ [ -77.896577, 40.876117 ], [ -77.89597, 40.876561 ], [ -77.895288, 40.87708 ], [ -77.894525, 40.877538 ], [ -77.893754, 40.877933 ], [ -77.893681, 40.877971 ], [ -77.892772, 40.878478 ], [ -77.891975, 40.87902 ], [ -77.891863, 40.879097 ], [ -77.891553, 40.87935 ], [ -77.891214, 40.879628 ], [ -77.890402, 40.880197 ], [ -77.889266, 40.880915 ], [ -77.887805, 40.882064 ], [ -77.886522, 40.882967 ], [ -77.885776, 40.883449 ], [ -77.884298, 40.884303 ], [ -77.883681, 40.884686 ], [ -77.880789, 40.886752 ], [ -77.875952, 40.890004 ], [ -77.87536, 40.89039 ], [ -77.874853, 40.890665 ], [ -77.87445, 40.890828 ], [ -77.873617, 40.891149 ], [ -77.872758, 40.891522 ], [ -77.87169, 40.892025 ], [ -77.864293, 40.895512 ], [ -77.858726, 40.898186 ], [ -77.85849, 40.898298 ], [ -77.856209, 40.89937 ], [ -77.85315, 40.900808 ], [ -77.851012, 40.901814 ], [ -77.850842, 40.901894 ], [ -77.841622, 40.90623 ], [ -77.839747, 40.906888 ], [ -77.838215, 40.907347 ], [ -77.83678, 40.907794 ], [ -77.835443, 40.908228 ], [ -77.835416, 40.908241 ], [ -77.833281, 40.909262 ], [ -77.832186, 40.909737 ], [ -77.830516, 40.910436 ], [ -77.830281, 40.910536 ], [ -77.82786, 40.911561 ], [ -77.826459, 40.912118 ], [ -77.825065, 40.912702 ], [ -77.824664, 40.912882 ], [ -77.823021, 40.913686 ], [ -77.822122, 40.914243 ], [ -77.821626, 40.914551 ], [ -77.820312, 40.915213 ], [ -77.820027, 40.915323 ], [ -77.81913, 40.915671 ], [ -77.817239, 40.916584 ], [ -77.815976, 40.917168 ], [ -77.814829, 40.917797 ], [ -77.813148, 40.918851 ], [ -77.813014, 40.918896 ], [ -77.812677, 40.918962 ], [ -77.809277, 40.916082 ], [ -77.808985, 40.915834 ], [ -77.808972, 40.915823 ], [ -77.808917, 40.915777 ], [ -77.805496, 40.912875 ], [ -77.805481, 40.912863 ], [ -77.802297, 40.910161 ], [ -77.801665, 40.909625 ], [ -77.79829, 40.906761 ], [ -77.798275, 40.906749 ], [ -77.797079, 40.905733 ], [ -77.796394, 40.905153 ], [ -77.795905, 40.904737 ], [ -77.795887, 40.904722 ], [ -77.795783, 40.904634 ], [ -77.794213, 40.903301 ], [ -77.793302, 40.902528 ], [ -77.790233, 40.899872 ], [ -77.789746, 40.899451 ], [ -77.789716, 40.899425 ], [ -77.786245, 40.896425 ], [ -77.783971, 40.894464 ], [ -77.782481, 40.893181 ], [ -77.782081, 40.892839 ], [ -77.780247, 40.891273 ], [ -77.779289, 40.890453 ], [ -77.779171, 40.890352 ], [ -77.77801, 40.88936 ], [ -77.775354, 40.886907 ], [ -77.775292, 40.88685 ], [ -77.771642, 40.883463 ], [ -77.769851, 40.881814 ], [ -77.766789, 40.878984 ], [ -77.766579, 40.878792 ], [ -77.766178, 40.878421 ], [ -77.765093, 40.877416 ], [ -77.764382, 40.876759 ], [ -77.76383, 40.876248 ], [ -77.760444, 40.873116 ], [ -77.759273, 40.872031 ], [ -77.758495, 40.871313 ], [ -77.758418, 40.871241 ], [ -77.756757, 40.869611 ], [ -77.756662, 40.869511 ], [ -77.756173, 40.868874 ], [ -77.756078, 40.86875 ], [ -77.755608, 40.868131 ], [ -77.754873, 40.867179 ], [ -77.753987, 40.866035 ], [ -77.753929, 40.865957 ], [ -77.753789, 40.86578 ], [ -77.753618, 40.865557 ], [ -77.753461, 40.865351 ], [ -77.753414, 40.86529 ], [ -77.752349, 40.863909 ], [ -77.751933, 40.863369 ], [ -77.751504, 40.862814 ], [ -77.749179, 40.859801 ], [ -77.749129, 40.859737 ], [ -77.748873, 40.859406 ], [ -77.738773, 40.846321 ], [ -77.737648, 40.844863 ], [ -77.737324, 40.844445 ], [ -77.734652, 40.840982 ], [ -77.73352, 40.839515 ], [ -77.731976, 40.837514 ], [ -77.731763, 40.837239 ], [ -77.731292, 40.836629 ], [ -77.729115, 40.833807 ], [ -77.731159, 40.832755 ], [ -77.731418, 40.832637 ], [ -77.733623, 40.831621 ], [ -77.735116, 40.830811 ], [ -77.736692, 40.830075 ], [ -77.738631, 40.829027 ], [ -77.740698, 40.828102 ], [ -77.741661, 40.827719 ], [ -77.742649, 40.827318 ], [ -77.74451, 40.826464 ], [ -77.746222, 40.82556 ], [ -77.747469, 40.82491 ], [ -77.749656, 40.82407 ], [ -77.750803, 40.823534 ], [ -77.751413, 40.823248 ], [ -77.753063, 40.825465 ], [ -77.753369, 40.825876 ], [ -77.753563, 40.826137 ], [ -77.753654, 40.82626 ], [ -77.755337, 40.827293 ], [ -77.756616, 40.828078 ], [ -77.76354, 40.832314 ], [ -77.763932, 40.832554 ], [ -77.768431, 40.837849 ], [ -77.770502, 40.840287 ], [ -77.775632, 40.846324 ], [ -77.776082, 40.846854 ], [ -77.776493, 40.84734 ], [ -77.776052, 40.847789 ], [ -77.775956, 40.847882 ], [ -77.77583, 40.848006 ], [ -77.774566, 40.84929 ], [ -77.774393, 40.849468 ], [ -77.77403, 40.849828 ], [ -77.773568, 40.8503 ], [ -77.773231, 40.850645 ], [ -77.773027, 40.850849 ], [ -77.772668, 40.851209 ], [ -77.772539, 40.851333 ], [ -77.772311, 40.85154 ], [ -77.771873, 40.851853 ], [ -77.771617, 40.852003 ], [ -77.771261, 40.852192 ], [ -77.769993, 40.852749 ], [ -77.769796, 40.852828 ], [ -77.769288, 40.853063 ], [ -77.768951, 40.853242 ], [ -77.768716, 40.853388 ], [ -77.769127, 40.853803 ], [ -77.768877, 40.854061 ], [ -77.768917, 40.854105 ], [ -77.768762, 40.854215 ], [ -77.769104, 40.854557 ], [ -77.770141, 40.855427 ], [ -77.772445, 40.857517 ], [ -77.777264, 40.863777 ], [ -77.775411, 40.864712 ], [ -77.776399, 40.86588 ], [ -77.78087, 40.865844 ], [ -77.781307, 40.864609 ], [ -77.78142, 40.864286 ], [ -77.7816, 40.863818 ], [ -77.781842, 40.863268 ], [ -77.782175, 40.862683 ], [ -77.782445, 40.86228 ], [ -77.78268, 40.861986 ], [ -77.782968, 40.861597 ], [ -77.783219, 40.861275 ], [ -77.783696, 40.860696 ], [ -77.783882, 40.860456 ], [ -77.784244, 40.859994 ], [ -77.785215, 40.858768 ], [ -77.785924, 40.85785 ], [ -77.786771, 40.856794 ], [ -77.787818, 40.855467 ], [ -77.788773, 40.85426 ], [ -77.789247, 40.853595 ], [ -77.789528, 40.853183 ], [ -77.789747, 40.852827 ], [ -77.790379, 40.85173 ], [ -77.792536, 40.847874 ], [ -77.792609, 40.847744 ], [ -77.794039, 40.847607 ], [ -77.796041, 40.847415 ], [ -77.805521, 40.843874 ], [ -77.808279, 40.842843 ], [ -77.80836, 40.842812 ], [ -77.815746, 40.840049 ], [ -77.817877, 40.839261 ], [ -77.818432, 40.839043 ], [ -77.819198, 40.838759 ], [ -77.820611, 40.838232 ], [ -77.826979, 40.835849 ], [ -77.82868, 40.835213 ], [ -77.828954, 40.835286 ], [ -77.832749, 40.8363 ], [ -77.833298, 40.836446 ], [ -77.833866, 40.836599 ], [ -77.8341, 40.836661 ], [ -77.834201, 40.836688 ], [ -77.835573, 40.837056 ], [ -77.842132, 40.838805 ], [ -77.842867, 40.839001 ], [ -77.848397, 40.840479 ], [ -77.850082, 40.839272 ], [ -77.850584, 40.838911 ], [ -77.851722, 40.838099 ], [ -77.854716, 40.840527 ], [ -77.858035, 40.84319 ], [ -77.861323, 40.845851 ], [ -77.862855, 40.84709 ], [ -77.86956, 40.852516 ], [ -77.8724, 40.854814 ], [ -77.877051, 40.858576 ], [ -77.877431, 40.858885 ], [ -77.878098, 40.859426 ], [ -77.879478, 40.86054 ], [ -77.881694, 40.862331 ], [ -77.881728, 40.862359 ], [ -77.882334, 40.862847 ], [ -77.882428, 40.862927 ], [ -77.885913, 40.865743 ], [ -77.886351, 40.866099 ], [ -77.887231, 40.866811 ], [ -77.890354, 40.869336 ], [ -77.891665, 40.870397 ], [ -77.892321, 40.870926 ], [ -77.895309, 40.873348 ], [ -77.897714, 40.875287 ], [ -77.896577, 40.876117 ] ] ] } },
{ "type": "Feature", "properties": { "GEOID": "42027012100", "median_gross_rent": null, "median_rent_burden_pct": null, "median_household_income": null, "vehicle_access_pct": 100.0, "transit_stop_count": 8, "scheduled_trip_count": 3613, "median_transit_distance_m": 236.52855419504959, "food_access_beyond_half_mile_straight_share": 14.56, "food_access_beyond_half_mile_network_share": 67.66 }, "geometry": { "type": "Polygon", "coordinates": [ [ [ -77.866614, 40.794693 ], [ -77.865079, 40.795843 ], [ -77.865012, 40.795903 ], [ -77.864257, 40.796466 ], [ -77.863221, 40.79724 ], [ -77.862355, 40.79797 ], [ -77.862153, 40.798141 ], [ -77.861612, 40.798631 ], [ -77.860953, 40.799292 ], [ -77.860322, 40.799947 ], [ -77.859517, 40.800741 ], [ -77.858102, 40.80215 ], [ -77.857878, 40.802385 ], [ -77.857816, 40.802508 ], [ -77.858146, 40.802545 ], [ -77.85842, 40.802615 ], [ -77.858554, 40.802661 ], [ -77.858899, 40.802819 ], [ -77.85917, 40.80297 ], [ -77.859583, 40.803203 ], [ -77.859671, 40.803253 ], [ -77.860358, 40.803642 ], [ -77.860405, 40.803669 ], [ -77.860554, 40.80376 ], [ -77.861353, 40.804204 ], [ -77.861486, 40.804291 ], [ -77.86104, 40.804759 ], [ -77.860557, 40.805265 ], [ -77.860131, 40.805713 ], [ -77.859847, 40.806011 ], [ -77.859235, 40.806645 ], [ -77.85907, 40.806815 ], [ -77.856624, 40.80659 ], [ -77.853954, 40.806346 ], [ -77.85239, 40.8062 ], [ -77.849054, 40.805892 ], [ -77.848022, 40.805795 ], [ -77.843945, 40.805419 ], [ -77.843633, 40.805126 ], [ -77.843518, 40.805018 ], [ -77.843598, 40.80499 ], [ -77.847654, 40.803504 ], [ -77.849667, 40.80276 ], [ -77.849766, 40.802724 ], [ -77.849864, 40.802687 ], [ -77.850328, 40.802511 ], [ -77.850794, 40.802336 ], [ -77.850883, 40.802297 ], [ -77.851219, 40.802149 ], [ -77.851455, 40.802026 ], [ -77.851837, 40.801796 ], [ -77.851972, 40.801703 ], [ -77.852129, 40.801591 ], [ -77.852288, 40.801479 ], [ -77.852617, 40.801241 ], [ -77.853058, 40.800906 ], [ -77.853502, 40.800571 ], [ -77.853703, 40.800417 ], [ -77.853942, 40.800249 ], [ -77.85407, 40.800153 ], [ -77.854422, 40.79989 ], [ -77.855008, 40.79943 ], [ -77.856192, 40.798532 ], [ -77.856942, 40.797968 ], [ -77.857668, 40.797414 ], [ -77.858325, 40.796916 ], [ -77.85865, 40.796656 ], [ -77.859213, 40.796232 ], [ -77.859447, 40.79606 ], [ -77.859792, 40.795793 ], [ -77.859842, 40.795753 ], [ -77.860367, 40.795366 ], [ -77.860446, 40.795305 ], [ -77.861614, 40.794425 ], [ -77.862758, 40.793573 ], [ -77.86319, 40.79326 ], [ -77.863912, 40.792706 ], [ -77.864311, 40.793003 ], [ -77.864975, 40.79345 ], [ -77.865301, 40.793677 ], [ -77.865399, 40.793746 ], [ -77.866614, 40.794693 ] ] ] } },
{ "type": "Feature", "properties": { "GEOID": "42027011600", "median_gross_rent": 1150.0, "median_rent_burden_pct": 34.2, "median_household_income": 103938.0, "vehicle_access_pct": 97.3701955495617, "transit_stop_count": 35, "scheduled_trip_count": 2626, "median_transit_distance_m": 1053.5361973030826, "food_access_beyond_half_mile_straight_share": 46.91, "food_access_beyond_half_mile_network_share": 87.66 }, "geometry": { "type": "Polygon", "coordinates": [ [ [ -77.882975, 40.815834 ], [ -77.88241, 40.81623 ], [ -77.881962, 40.816545 ], [ -77.879167, 40.818504 ], [ -77.877933, 40.819369 ], [ -77.875705, 40.820924 ], [ -77.874977, 40.821431 ], [ -77.874395, 40.821858 ], [ -77.8719, 40.823632 ], [ -77.86978, 40.825138 ], [ -77.858666, 40.833114 ], [ -77.855715, 40.835225 ], [ -77.851722, 40.838099 ], [ -77.850584, 40.838911 ], [ -77.850082, 40.839272 ], [ -77.848397, 40.840479 ], [ -77.842867, 40.839001 ], [ -77.842132, 40.838805 ], [ -77.835573, 40.837056 ], [ -77.834201, 40.836688 ], [ -77.8341, 40.836661 ], [ -77.833866, 40.836599 ], [ -77.833298, 40.836446 ], [ -77.832749, 40.8363 ], [ -77.828954, 40.835286 ], [ -77.82868, 40.835213 ], [ -77.826979, 40.835849 ], [ -77.820611, 40.838232 ], [ -77.819198, 40.838759 ], [ -77.818432, 40.839043 ], [ -77.817877, 40.839261 ], [ -77.815746, 40.840049 ], [ -77.80836, 40.842812 ], [ -77.808279, 40.842843 ], [ -77.805521, 40.843874 ], [ -77.796041, 40.847415 ], [ -77.794039, 40.847607 ], [ -77.792609, 40.847744 ], [ -77.792826, 40.847357 ], [ -77.793093, 40.846882 ], [ -77.793229, 40.846651 ], [ -77.791026, 40.843546 ], [ -77.788175, 40.840045 ], [ -77.787807, 40.839003 ], [ -77.788467, 40.838604 ], [ -77.789096, 40.838238 ], [ -77.789721, 40.837871 ], [ -77.790072, 40.837674 ], [ -77.791702, 40.836721 ], [ -77.792061, 40.836512 ], [ -77.795998, 40.834211 ], [ -77.797102, 40.833572 ], [ -77.799207, 40.832336 ], [ -77.79928, 40.832276 ], [ -77.800869, 40.83135 ], [ -77.803261, 40.82995 ], [ -77.803896, 40.829556 ], [ -77.804387, 40.829279 ], [ -77.804479, 40.829186 ], [ -77.804811, 40.82898 ], [ -77.806671, 40.82784 ], [ -77.807363, 40.827472 ], [ -77.807423, 40.82743 ], [ -77.807498, 40.827379 ], [ -77.807707, 40.82723 ], [ -77.808731, 40.826464 ], [ -77.808872, 40.826364 ], [ -77.809218, 40.826117 ], [ -77.810879, 40.82486 ], [ -77.812419, 40.823622 ], [ -77.813004, 40.823142 ], [ -77.813351, 40.822868 ], [ -77.814094, 40.82226 ], [ -77.814658, 40.8218 ], [ -77.815238, 40.821313 ], [ -77.815518, 40.821059 ], [ -77.816838, 40.819734 ], [ -77.817315, 40.819245 ], [ -77.817888, 40.818677 ], [ -77.817944, 40.818648 ], [ -77.81815, 40.81845 ], [ -77.818348, 40.81831 ], [ -77.818589, 40.818155 ], [ -77.819028, 40.817879 ], [ -77.819474, 40.817605 ], [ -77.820669, 40.816871 ], [ -77.822978, 40.815454 ], [ -77.824237, 40.814685 ], [ -77.824322, 40.814633 ], [ -77.82573, 40.813767 ], [ -77.825986, 40.81361 ], [ -77.827144, 40.812911 ], [ -77.827179, 40.812888 ], [ -77.827266, 40.812836 ], [ -77.82782, 40.812498 ], [ -77.827857, 40.812475 ], [ -77.828398, 40.812137 ], [ -77.828563, 40.812039 ], [ -77.829027, 40.811752 ], [ -77.829112, 40.811696 ], [ -77.829383, 40.811527 ], [ -77.829855, 40.811238 ], [ -77.830328, 40.81095 ], [ -77.830438, 40.810885 ], [ -77.83077, 40.810683 ], [ -77.831479, 40.810269 ], [ -77.831793, 40.810104 ], [ -77.83182, 40.810058 ], [ -77.832003, 40.81 ], [ -77.832045, 40.809981 ], [ -77.832142, 40.809929 ], [ -77.83271, 40.809645 ], [ -77.833757, 40.80912 ], [ -77.83418, 40.808921 ], [ -77.835161, 40.80846 ], [ -77.835539, 40.808283 ], [ -77.835868, 40.808135 ], [ -77.836125, 40.808025 ], [ -77.838113, 40.807102 ], [ -77.83879, 40.806797 ], [ -77.839343, 40.806567 ], [ -77.839513, 40.806496 ], [ -77.83992, 40.806343 ], [ -77.840696, 40.806052 ], [ -77.840836, 40.806001 ], [ -77.841324, 40.805825 ], [ -77.841889, 40.805614 ], [ -77.842296, 40.805464 ], [ -77.842763, 40.805299 ], [ -77.84286, 40.80526 ], [ -77.843433, 40.805049 ], [ -77.843518, 40.805018 ], [ -77.843633, 40.805126 ], [ -77.843945, 40.805419 ], [ -77.848022, 40.805795 ], [ -77.849054, 40.805892 ], [ -77.85239, 40.8062 ], [ -77.853954, 40.806346 ], [ -77.856624, 40.80659 ], [ -77.85907, 40.806815 ], [ -77.861475, 40.807037 ], [ -77.863245, 40.807203 ], [ -77.863674, 40.807242 ], [ -77.863802, 40.807253 ], [ -77.867251, 40.807572 ], [ -77.867512, 40.80716 ], [ -77.86759, 40.807037 ], [ -77.868143, 40.806171 ], [ -77.869207, 40.804505 ], [ -77.869637, 40.80464 ], [ -77.872906, 40.805691 ], [ -77.873796, 40.805977 ], [ -77.873829, 40.805988 ], [ -77.873853, 40.805953 ], [ -77.873888, 40.805903 ], [ -77.873895, 40.805892 ], [ -77.874084, 40.805621 ], [ -77.874231, 40.80579 ], [ -77.876702, 40.808625 ], [ -77.876842, 40.808788 ], [ -77.881502, 40.814142 ], [ -77.882286, 40.815044 ], [ -77.882477, 40.815262 ], [ -77.882499, 40.815288 ], [ -77.882552, 40.815348 ], [ -77.882975, 40.815834 ] ] ] } },
{ "type": "Feature", "properties": { "GEOID": "42027011800", "median_gross_rent": 1289.0, "median_rent_burden_pct": 39.1, "median_household_income": 103377.0, "vehicle_access_pct": 96.070726915520623, "transit_stop_count": 0, "scheduled_trip_count": 0, "median_transit_distance_m": 8143.8564768505748, "food_access_beyond_half_mile_straight_share": 74.43, "food_access_beyond_half_mile_network_share": 90.28 }, "geometry": { "type": "Polygon", "coordinates": [ [ [ -77.851507, 40.76765 ], [ -77.840952, 40.769015 ], [ -77.838457, 40.769338 ], [ -77.835708, 40.769694 ], [ -77.832018, 40.771417 ], [ -77.831434, 40.771691 ], [ -77.817938, 40.777992 ], [ -77.816474, 40.778677 ], [ -77.814785, 40.779463 ], [ -77.813342, 40.780138 ], [ -77.809948, 40.781722 ], [ -77.808985, 40.782171 ], [ -77.808682, 40.782314 ], [ -77.80296, 40.784986 ], [ -77.802388, 40.785252 ], [ -77.801253, 40.785782 ], [ -77.801067, 40.78587 ], [ -77.800741, 40.786021 ], [ -77.800667, 40.786056 ], [ -77.800539, 40.786117 ], [ -77.800451, 40.786158 ], [ -77.796146, 40.788168 ], [ -77.795929, 40.788215 ], [ -77.79329, 40.788798 ], [ -77.793223, 40.788813 ], [ -77.792605, 40.788949 ], [ -77.781737, 40.791348 ], [ -77.781356, 40.791432 ], [ -77.781413, 40.792145 ], [ -77.781415, 40.792181 ], [ -77.781678, 40.79551 ], [ -77.781986, 40.799457 ], [ -77.782854, 40.81037 ], [ -77.78295, 40.811618 ], [ -77.781273, 40.812162 ], [ -77.781529, 40.814671 ], [ -77.777443, 40.816373 ], [ -77.775934, 40.816998 ], [ -77.774768, 40.817481 ], [ -77.773706, 40.817923 ], [ -77.766981, 40.82072 ], [ -77.760561, 40.823389 ], [ -77.760396, 40.823458 ], [ -77.753654, 40.82626 ], [ -77.753563, 40.826137 ], [ -77.753369, 40.825876 ], [ -77.753063, 40.825465 ], [ -77.751413, 40.823248 ], [ -77.742278, 40.809531 ], [ -77.741529, 40.808421 ], [ -77.732936, 40.795524 ], [ -77.732684, 40.795149 ], [ -77.732178, 40.794396 ], [ -77.726838, 40.786384 ], [ -77.725749, 40.784757 ], [ -77.725576, 40.784402 ], [ -77.71906, 40.771021 ], [ -77.718477, 40.769824 ], [ -77.715981, 40.764697 ], [ -77.712627, 40.757809 ], [ -77.712336, 40.75721 ], [ -77.711768, 40.756044 ], [ -77.711425, 40.755338 ], [ -77.710796, 40.754046 ], [ -77.709076, 40.750512 ], [ -77.708889, 40.750125 ], [ -77.70814, 40.748589 ], [ -77.704648, 40.741419 ], [ -77.703468, 40.738978 ], [ -77.701806, 40.735552 ], [ -77.699589, 40.731004 ], [ -77.698844, 40.729475 ], [ -77.695795, 40.723207 ], [ -77.695466, 40.72253 ], [ -77.695818, 40.722346 ], [ -77.698697, 40.720842 ], [ -77.698955, 40.720704 ], [ -77.699268, 40.720536 ], [ -77.709097, 40.715332 ], [ -77.710301, 40.714695 ], [ -77.710548, 40.714564 ], [ -77.715212, 40.721957 ], [ -77.717612, 40.725762 ], [ -77.717919, 40.726227 ], [ -77.718677, 40.727372 ], [ -77.734705, 40.724834 ], [ -77.735249, 40.724748 ], [ -77.738091, 40.724297 ], [ -77.758408, 40.721076 ], [ -77.758459, 40.721068 ], [ -77.768549, 40.719466 ], [ -77.769336, 40.719807 ], [ -77.780904, 40.724747 ], [ -77.789352, 40.728354 ], [ -77.799994, 40.732898 ], [ -77.800271, 40.733016 ], [ -77.80936, 40.736897 ], [ -77.81092, 40.737563 ], [ -77.824903, 40.743534 ], [ -77.827365, 40.742622 ], [ -77.831415, 40.741122 ], [ -77.83411, 40.744574 ], [ -77.843142, 40.756141 ], [ -77.845442, 40.759091 ], [ -77.847169, 40.761329 ], [ -77.851034, 40.766331 ], [ -77.852001, 40.767582 ], [ -77.851507, 40.76765 ] ] ] } },
{ "type": "Feature", "properties": { "GEOID": "42027012700", "median_gross_rent": 1470.0, "median_rent_burden_pct": 36.7, "median_household_income": 89000.0, "vehicle_access_pct": 94.938271604938265, "transit_stop_count": 26, "scheduled_trip_count": 1377, "median_transit_distance_m": 396.39762171742393, "food_access_beyond_half_mile_straight_share": 18.3, "food_access_beyond_half_mile_network_share": 46.7 }, "geometry": { "type": "Polygon", "coordinates": [ [ [ -77.854989, 40.782412 ], [ -77.854572, 40.782553 ], [ -77.854257, 40.782691 ], [ -77.853891, 40.782899 ], [ -77.85378, 40.782978 ], [ -77.853694, 40.783039 ], [ -77.853453, 40.783243 ], [ -77.853242, 40.783464 ], [ -77.853147, 40.783579 ], [ -77.852293, 40.784708 ], [ -77.852209, 40.784809 ], [ -77.851843, 40.785304 ], [ -77.851244, 40.786103 ], [ -77.850425, 40.787191 ], [ -77.85016, 40.787527 ], [ -77.850151, 40.78754 ], [ -77.850024, 40.78766 ], [ -77.849931, 40.787734 ], [ -77.849749, 40.787851 ], [ -77.84925, 40.788156 ], [ -77.84885, 40.788387 ], [ -77.848757, 40.788452 ], [ -77.848656, 40.788527 ], [ -77.847939, 40.78922 ], [ -77.847682, 40.789488 ], [ -77.847515, 40.789708 ], [ -77.847388, 40.789945 ], [ -77.84734, 40.790068 ], [ -77.847063, 40.791025 ], [ -77.846972, 40.791257 ], [ -77.846861, 40.791489 ], [ -77.846731, 40.791736 ], [ -77.846546, 40.792055 ], [ -77.846272, 40.792472 ], [ -77.846023, 40.792807 ], [ -77.845718, 40.79317 ], [ -77.845578, 40.793327 ], [ -77.843958, 40.795096 ], [ -77.843579, 40.795569 ], [ -77.843236, 40.796069 ], [ -77.843052, 40.79637 ], [ -77.842995, 40.796484 ], [ -77.842866, 40.796821 ], [ -77.842797, 40.796994 ], [ -77.842736, 40.797112 ], [ -77.842425, 40.797578 ], [ -77.842034, 40.798161 ], [ -77.841981, 40.798221 ], [ -77.841856, 40.798314 ], [ -77.841725, 40.798376 ], [ -77.84162, 40.79841 ], [ -77.84138, 40.798466 ], [ -77.841135, 40.798525 ], [ -77.840942, 40.798589 ], [ -77.840752, 40.79867 ], [ -77.840621, 40.79874 ], [ -77.840485, 40.798295 ], [ -77.839933, 40.798567 ], [ -77.837605, 40.79972 ], [ -77.837034, 40.799145 ], [ -77.836595, 40.799373 ], [ -77.836426, 40.799463 ], [ -77.836394, 40.799425 ], [ -77.8363, 40.799315 ], [ -77.836171, 40.799166 ], [ -77.836103, 40.7991 ], [ -77.836007, 40.799007 ], [ -77.835779, 40.798738 ], [ -77.835573, 40.798424 ], [ -77.835052, 40.797585 ], [ -77.835012, 40.797514 ], [ -77.834848, 40.797221 ], [ -77.834717, 40.796949 ], [ -77.834575, 40.796615 ], [ -77.834485, 40.796298 ], [ -77.834459, 40.796181 ], [ -77.834445, 40.796073 ], [ -77.83417, 40.796143 ], [ -77.833718, 40.79625 ], [ -77.833749, 40.796333 ], [ -77.834065, 40.797174 ], [ -77.833621, 40.797832 ], [ -77.83358, 40.797904 ], [ -77.833425, 40.79817 ], [ -77.832824, 40.799203 ], [ -77.832387, 40.799112 ], [ -77.831807, 40.798993 ], [ -77.831232, 40.798872 ], [ -77.831136, 40.798852 ], [ -77.831205, 40.798634 ], [ -77.831332, 40.797582 ], [ -77.831358, 40.79746 ], [ -77.831428, 40.797242 ], [ -77.831561, 40.796973 ], [ -77.831768, 40.79663 ], [ -77.83189, 40.796465 ], [ -77.832002, 40.796336 ], [ -77.832133, 40.796216 ], [ -77.832503, 40.795923 ], [ -77.832781, 40.795691 ], [ -77.832989, 40.79547 ], [ -77.833108, 40.795323 ], [ -77.833399, 40.794928 ], [ -77.833524, 40.794729 ], [ -77.833482, 40.794711 ], [ -77.833328, 40.794647 ], [ -77.832941, 40.794487 ], [ -77.832883, 40.794462 ], [ -77.831532, 40.794475 ], [ -77.831531, 40.794284 ], [ -77.831533, 40.794269 ], [ -77.831531, 40.794224 ], [ -77.832032, 40.794213 ], [ -77.830983, 40.793356 ], [ -77.830967, 40.793342 ], [ -77.831002, 40.793295 ], [ -77.831047, 40.793234 ], [ -77.83146, 40.793189 ], [ -77.831438, 40.792932 ], [ -77.831435, 40.792895 ], [ -77.83129, 40.792599 ], [ -77.830399, 40.792259 ], [ -77.828282, 40.791584 ], [ -77.827886, 40.791454 ], [ -77.827857, 40.791449 ], [ -77.827016, 40.791292 ], [ -77.824938, 40.791714 ], [ -77.823494, 40.792356 ], [ -77.822605, 40.793592 ], [ -77.821459, 40.794137 ], [ -77.821139, 40.794186 ], [ -77.821076, 40.794218 ], [ -77.820919, 40.794292 ], [ -77.820603, 40.794447 ], [ -77.820336, 40.794622 ], [ -77.820271, 40.794664 ], [ -77.820236, 40.794596 ], [ -77.819717, 40.793585 ], [ -77.819705, 40.792876 ], [ -77.819669, 40.792292 ], [ -77.820438, 40.791306 ], [ -77.820559, 40.791154 ], [ -77.820773, 40.790951 ], [ -77.821135, 40.790609 ], [ -77.820151, 40.79107 ], [ -77.818927, 40.789876 ], [ -77.821394, 40.788493 ], [ -77.821416, 40.788514 ], [ -77.821986, 40.789054 ], [ -77.822265, 40.78932 ], [ -77.822612, 40.789648 ], [ -77.821995, 40.790038 ], [ -77.821914, 40.790281 ], [ -77.822728, 40.790977 ], [ -77.822749, 40.790995 ], [ -77.822805, 40.790982 ], [ -77.824135, 40.79068 ], [ -77.827132, 40.790002 ], [ -77.828926, 40.790416 ], [ -77.829736, 40.790879 ], [ -77.830992, 40.791596 ], [ -77.831514, 40.791782 ], [ -77.831635, 40.791377 ], [ -77.832189, 40.790959 ], [ -77.832217, 40.790938 ], [ -77.832241, 40.790921 ], [ -77.832294, 40.790883 ], [ -77.8323, 40.790915 ], [ -77.832327, 40.791071 ], [ -77.832341, 40.791144 ], [ -77.832383, 40.791273 ], [ -77.832451, 40.791438 ], [ -77.832575, 40.791694 ], [ -77.832645, 40.791841 ], [ -77.832737, 40.792021 ], [ -77.833527, 40.79184 ], [ -77.833616, 40.791807 ], [ -77.833952, 40.791682 ], [ -77.834022, 40.79146 ], [ -77.833819, 40.789835 ], [ -77.835695, 40.787679 ], [ -77.835921, 40.787546 ], [ -77.836407, 40.787262 ], [ -77.83737, 40.786699 ], [ -77.837632, 40.78615 ], [ -77.837744, 40.785919 ], [ -77.837527, 40.785782 ], [ -77.835991, 40.786127 ], [ -77.834193, 40.786532 ], [ -77.83425, 40.786364 ], [ -77.834287, 40.786206 ], [ -77.834314, 40.786083 ], [ -77.834335, 40.785989 ], [ -77.834308, 40.785949 ], [ -77.8342, 40.785785 ], [ -77.834123, 40.785668 ], [ -77.833988, 40.785463 ], [ -77.833761, 40.785116 ], [ -77.833589, 40.784854 ], [ -77.833541, 40.784747 ], [ -77.833504, 40.784698 ], [ -77.833297, 40.784366 ], [ -77.833199, 40.784229 ], [ -77.833103, 40.784092 ], [ -77.833095, 40.78408 ], [ -77.83304, 40.784001 ], [ -77.832944, 40.783865 ], [ -77.832904, 40.783808 ], [ -77.832767, 40.783606 ], [ -77.832757, 40.783591 ], [ -77.832798, 40.783568 ], [ -77.834686, 40.782521 ], [ -77.834812, 40.782451 ], [ -77.834988, 40.782647 ], [ -77.835031, 40.782622 ], [ -77.835393, 40.782408 ], [ -77.83573, 40.78221 ], [ -77.836355, 40.781841 ], [ -77.836584, 40.781706 ], [ -77.837186, 40.781198 ], [ -77.838588, 40.780389 ], [ -77.84359, 40.777477 ], [ -77.843746, 40.777625 ], [ -77.844267, 40.778132 ], [ -77.845192, 40.779016 ], [ -77.846024, 40.779815 ], [ -77.846343, 40.780106 ], [ -77.846514, 40.780274 ], [ -77.846601, 40.780362 ], [ -77.84683, 40.780587 ], [ -77.846921, 40.780676 ], [ -77.847027, 40.780615 ], [ -77.847503, 40.780349 ], [ -77.847825, 40.780178 ], [ -77.847995, 40.780365 ], [ -77.848131, 40.78051 ], [ -77.848134, 40.78053 ], [ -77.848147, 40.780624 ], [ -77.848158, 40.780707 ], [ -77.848178, 40.780725 ], [ -77.848534, 40.781057 ], [ -77.848748, 40.781256 ], [ -77.849222, 40.781698 ], [ -77.849498, 40.781954 ], [ -77.849521, 40.781977 ], [ -77.851157, 40.781103 ], [ -77.852344, 40.780462 ], [ -77.853069, 40.780073 ], [ -77.85299, 40.779914 ], [ -77.853427, 40.780433 ], [ -77.853534, 40.780557 ], [ -77.854179, 40.78123 ], [ -77.854302, 40.781375 ], [ -77.854978, 40.782277 ], [ -77.855053, 40.782397 ], [ -77.854989, 40.782412 ] ] ] } },
{ "type": "Feature", "properties": { "GEOID": "42027012800", "median_gross_rent": 1339.0, "median_rent_burden_pct": 30.5, "median_household_income": 56801.0, "vehicle_access_pct": 77.60973810402065, "transit_stop_count": 16, "scheduled_trip_count": 716, "median_transit_distance_m": 312.44301840944479, "food_access_beyond_half_mile_straight_share": 57.72, "food_access_beyond_half_mile_network_share": 71.36 }, "geometry": { "type": "Polygon", "coordinates": [ [ [ -77.870936, 40.779497 ], [ -77.870924, 40.779503 ], [ -77.870876, 40.779533 ], [ -77.870766, 40.779602 ], [ -77.870728, 40.779621 ], [ -77.870451, 40.779835 ], [ -77.868946, 40.781084 ], [ -77.868381, 40.781553 ], [ -77.868077, 40.781749 ], [ -77.868024, 40.781773 ], [ -77.867866, 40.781818 ], [ -77.867707, 40.781862 ], [ -77.8675, 40.781885 ], [ -77.864725, 40.781909 ], [ -77.864414, 40.781913 ], [ -77.864272, 40.781912 ], [ -77.864035, 40.781922 ], [ -77.863845, 40.78194 ], [ -77.863671, 40.781969 ], [ -77.863469, 40.782004 ], [ -77.863195, 40.782073 ], [ -77.862928, 40.782157 ], [ -77.862481, 40.782339 ], [ -77.862222, 40.782435 ], [ -77.861882, 40.782538 ], [ -77.861634, 40.782594 ], [ -77.861382, 40.782636 ], [ -77.861129, 40.782665 ], [ -77.860855, 40.782681 ], [ -77.860793, 40.782687 ], [ -77.860458, 40.782682 ], [ -77.860139, 40.782658 ], [ -77.859833, 40.782621 ], [ -77.859324, 40.782571 ], [ -77.859203, 40.78256 ], [ -77.858071, 40.782435 ], [ -77.85779, 40.782406 ], [ -77.856524, 40.782275 ], [ -77.856235, 40.78226 ], [ -77.855869, 40.782269 ], [ -77.855552, 40.782299 ], [ -77.855162, 40.782367 ], [ -77.855053, 40.782397 ], [ -77.854978, 40.782277 ], [ -77.854302, 40.781375 ], [ -77.854179, 40.78123 ], [ -77.853534, 40.780557 ], [ -77.853427, 40.780433 ], [ -77.85299, 40.779914 ], [ -77.853069, 40.780073 ], [ -77.851629, 40.77861 ], [ -77.851268, 40.778242 ], [ -77.85141, 40.778153 ], [ -77.851619, 40.778019 ], [ -77.851969, 40.777819 ], [ -77.852281, 40.777642 ], [ -77.852626, 40.777481 ], [ -77.852901, 40.77733 ], [ -77.854541, 40.776304 ], [ -77.85492, 40.776081 ], [ -77.854965, 40.776054 ], [ -77.853508, 40.774714 ], [ -77.85316, 40.774392 ], [ -77.853067, 40.774295 ], [ -77.852283, 40.77354 ], [ -77.852089, 40.773356 ], [ -77.851887, 40.773167 ], [ -77.852139, 40.77301 ], [ -77.852477, 40.772802 ], [ -77.853163, 40.772379 ], [ -77.853828, 40.772983 ], [ -77.853967, 40.772908 ], [ -77.854109, 40.772812 ], [ -77.854181, 40.772776 ], [ -77.854283, 40.772726 ], [ -77.854414, 40.772664 ], [ -77.854688, 40.772469 ], [ -77.854476, 40.772327 ], [ -77.854621, 40.772261 ], [ -77.8551, 40.772049 ], [ -77.85522, 40.771835 ], [ -77.855235, 40.771834 ], [ -77.855325, 40.771816 ], [ -77.855543, 40.771821 ], [ -77.856168, 40.771462 ], [ -77.856651, 40.771186 ], [ -77.856852, 40.771106 ], [ -77.858219, 40.770366 ], [ -77.858435, 40.770585 ], [ -77.858623, 40.770777 ], [ -77.859527, 40.770271 ], [ -77.859738, 40.770155 ], [ -77.859774, 40.770136 ], [ -77.860767, 40.769592 ], [ -77.862898, 40.768427 ], [ -77.865475, 40.771001 ], [ -77.866643, 40.772178 ], [ -77.866681, 40.772206 ], [ -77.866747, 40.772272 ], [ -77.866951, 40.772475 ], [ -77.870073, 40.775594 ], [ -77.870132, 40.775653 ], [ -77.869696, 40.775905 ], [ -77.868303, 40.776703 ], [ -77.869308, 40.777738 ], [ -77.870242, 40.778707 ], [ -77.870485, 40.778957 ], [ -77.870987, 40.779475 ], [ -77.870936, 40.779497 ] ] ] } },
{ "type": "Feature", "properties": { "GEOID": "42027011901", "median_gross_rent": 793.0, "median_rent_burden_pct": 18.5, "median_household_income": 121050.0, "vehicle_access_pct": 98.636806231742938, "transit_stop_count": 0, "scheduled_trip_count": 0, "median_transit_distance_m": 13425.282917234292, "food_access_beyond_half_mile_straight_share": 100.0, "food_access_beyond_half_mile_network_share": 100.0 }, "geometry": { "type": "Polygon", "coordinates": [ [ [ -78.115856, 40.739283 ], [ -78.071793, 40.770371 ], [ -78.065793, 40.774605 ], [ -78.063802, 40.776009 ], [ -78.057662, 40.780337 ], [ -78.052317, 40.784105 ], [ -78.051853, 40.784433 ], [ -78.049368, 40.786993 ], [ -78.046096, 40.789209 ], [ -78.046069, 40.789225 ], [ -78.043086, 40.791886 ], [ -78.042657, 40.79223 ], [ -78.038392, 40.795644 ], [ -78.038022, 40.795953 ], [ -78.03602, 40.797887 ], [ -78.034432, 40.799005 ], [ -78.033059, 40.800219 ], [ -78.031993, 40.801265 ], [ -78.030637, 40.802281 ], [ -78.028361, 40.80403 ], [ -78.0212, 40.808172 ], [ -78.018541, 40.809998 ], [ -78.017394, 40.810541 ], [ -78.014768, 40.811992 ], [ -78.012822, 40.813145 ], [ -78.011849, 40.813815 ], [ -78.01078, 40.814521 ], [ -78.009369, 40.81534 ], [ -78.00825, 40.815861 ], [ -78.007241, 40.816247 ], [ -78.006217, 40.816839 ], [ -78.006105, 40.816904 ], [ -78.004456, 40.818278 ], [ -78.003386, 40.819059 ], [ -78.002344, 40.819506 ], [ -78.002169, 40.81958 ], [ -78.000854, 40.819991 ], [ -77.999636, 40.82029 ], [ -77.998374, 40.820847 ], [ -77.998182, 40.820932 ], [ -77.988394, 40.813438 ], [ -77.987727, 40.812927 ], [ -77.986692, 40.812135 ], [ -77.983815, 40.80993 ], [ -77.964364, 40.795027 ], [ -77.949748, 40.783826 ], [ -77.939092, 40.775534 ], [ -77.939382, 40.775447 ], [ -77.951502, 40.771747 ], [ -77.969565, 40.766243 ], [ -77.970383, 40.765992 ], [ -77.979168, 40.763313 ], [ -77.979722, 40.763146 ], [ -77.994558, 40.758622 ], [ -78.006264, 40.755052 ], [ -78.009196, 40.754159 ], [ -78.030457, 40.747676 ], [ -78.030734, 40.747591 ], [ -78.030925, 40.747532 ], [ -78.030938, 40.747528 ], [ -78.035911, 40.746009 ], [ -78.065163, 40.737025 ], [ -78.085263, 40.73092 ], [ -78.086775, 40.731333 ], [ -78.096265, 40.73393 ], [ -78.096283, 40.733934 ], [ -78.097452, 40.734253 ], [ -78.097687, 40.734316 ], [ -78.098711, 40.734596 ], [ -78.106392, 40.736696 ], [ -78.106573, 40.736745 ], [ -78.113633, 40.738676 ], [ -78.115856, 40.739283 ] ] ] } },
{ "type": "Feature", "properties": { "GEOID": "42027011501", "median_gross_rent": 1491.0, "median_rent_burden_pct": 26.2, "median_household_income": 104727.0, "vehicle_access_pct": 96.556042579837197, "transit_stop_count": 17, "scheduled_trip_count": 549, "median_transit_distance_m": 637.53305473615467, "food_access_beyond_half_mile_straight_share": 93.25, "food_access_beyond_half_mile_network_share": 99.83 }, "geometry": { "type": "Polygon", "coordinates": [ [ [ -77.887602, 40.771958 ], [ -77.887553, 40.772432 ], [ -77.887444, 40.772984 ], [ -77.887318, 40.773379 ], [ -77.88727, 40.773524 ], [ -77.886963, 40.774212 ], [ -77.886557, 40.774866 ], [ -77.886082, 40.775477 ], [ -77.885582, 40.775971 ], [ -77.885516, 40.776036 ], [ -77.885075, 40.776417 ], [ -77.884591, 40.776766 ], [ -77.88398, 40.777147 ], [ -77.882212, 40.778132 ], [ -77.881815, 40.778394 ], [ -77.881403, 40.77866 ], [ -77.881309, 40.778726 ], [ -77.881144, 40.778843 ], [ -77.881004, 40.778956 ], [ -77.880455, 40.7794 ], [ -77.880235, 40.779577 ], [ -77.880173, 40.779628 ], [ -77.878846, 40.780742 ], [ -77.877407, 40.781945 ], [ -77.876644, 40.78259 ], [ -77.875991, 40.783128 ], [ -77.875533, 40.783527 ], [ -77.875403, 40.783636 ], [ -77.875123, 40.783871 ], [ -77.87473, 40.7842 ], [ -77.874094, 40.784743 ], [ -77.873265, 40.785462 ], [ -77.873211, 40.785513 ], [ -77.87216, 40.786372 ], [ -77.871289, 40.787051 ], [ -77.871256, 40.787076 ], [ -77.871023, 40.786897 ], [ -77.870798, 40.786724 ], [ -77.870446, 40.78645 ], [ -77.870215, 40.786273 ], [ -77.869975, 40.786087 ], [ -77.869817, 40.785965 ], [ -77.86948, 40.785694 ], [ -77.869633, 40.785566 ], [ -77.869742, 40.785477 ], [ -77.870293, 40.785016 ], [ -77.870408, 40.78492 ], [ -77.870583, 40.784773 ], [ -77.870788, 40.7846 ], [ -77.871131, 40.784313 ], [ -77.87128, 40.784188 ], [ -77.871339, 40.784139 ], [ -77.871581, 40.783936 ], [ -77.871781, 40.783768 ], [ -77.872101, 40.783501 ], [ -77.872193, 40.783424 ], [ -77.872271, 40.783357 ], [ -77.872377, 40.783269 ], [ -77.872471, 40.78319 ], [ -77.872625, 40.783061 ], [ -77.872707, 40.782992 ], [ -77.872806, 40.782909 ], [ -77.872884, 40.782844 ], [ -77.873127, 40.782641 ], [ -77.873258, 40.78253 ], [ -77.873602, 40.782243 ], [ -77.873916, 40.782577 ], [ -77.874132, 40.782472 ], [ -77.874587, 40.782207 ], [ -77.874492, 40.782101 ], [ -77.874008, 40.781528 ], [ -77.87395, 40.781464 ], [ -77.874836, 40.780957 ], [ -77.874035, 40.780117 ], [ -77.873827, 40.780229 ], [ -77.872441, 40.780978 ], [ -77.872369, 40.780909 ], [ -77.87191, 40.780429 ], [ -77.870987, 40.779475 ], [ -77.870485, 40.778957 ], [ -77.870242, 40.778707 ], [ -77.869308, 40.777738 ], [ -77.868303, 40.776703 ], [ -77.869696, 40.775905 ], [ -77.870132, 40.775653 ], [ -77.870073, 40.775594 ], [ -77.866951, 40.772475 ], [ -77.866747, 40.772272 ], [ -77.866681, 40.772206 ], [ -77.866643, 40.772178 ], [ -77.865475, 40.771001 ], [ -77.862898, 40.768427 ], [ -77.862986, 40.768379 ], [ -77.864965, 40.767231 ], [ -77.86679, 40.766135 ], [ -77.866968, 40.766029 ], [ -77.867366, 40.765789 ], [ -77.868417, 40.765182 ], [ -77.870132, 40.764238 ], [ -77.870242, 40.764177 ], [ -77.870629, 40.76396 ], [ -77.87104, 40.763743 ], [ -77.871259, 40.763616 ], [ -77.871951, 40.763247 ], [ -77.873706, 40.762289 ], [ -77.874658, 40.76177 ], [ -77.875015, 40.761581 ], [ -77.876487, 40.760779 ], [ -77.876789, 40.760618 ], [ -77.877662, 40.760137 ], [ -77.877793, 40.760071 ], [ -77.877999, 40.759953 ], [ -77.879684, 40.761591 ], [ -77.880803, 40.762707 ], [ -77.883877, 40.765742 ], [ -77.883911, 40.765773 ], [ -77.883931, 40.765795 ], [ -77.883953, 40.765817 ], [ -77.884846, 40.766695 ], [ -77.885745, 40.76756 ], [ -77.88598, 40.767806 ], [ -77.88624, 40.768115 ], [ -77.886416, 40.768326 ], [ -77.886593, 40.768574 ], [ -77.886671, 40.768699 ], [ -77.886906, 40.769075 ], [ -77.887058, 40.769369 ], [ -77.887167, 40.769609 ], [ -77.887462, 40.770493 ], [ -77.887556, 40.770982 ], [ -77.887607, 40.771476 ], [ -77.887602, 40.771958 ] ] ] } }
]
}
